date,usd_to_ngn_rate,ngn_to_usd_rate
2014-11-07,165.75,0.006033182503770739
2014-11-10,168.3,0.0059417706476530005
2014-11-11,168.5,0.005934718100890208
2014-11-12,169.55,0.005897965202005308
2014-11-13,172.3,0.005803830528148578
2014-11-14,171.05,0.005846243788365974
2014-11-17,172.95,0.005782017924255566
2014-11-18,173.14999,0.0057753396347294044
2014-11-19,173.85001,0.005752084799995122
2014-11-20,176.10001,0.005678591386792085
2014-11-21,177.2,0.0056433408577878106
2014-11-24,173.60001,0.005760368331776018
2014-11-25,177.25,0.005641748942172073
2014-11-26,176.7,0.005659309564233164
2014-11-27,176.7,0.005659309564233164
2014-11-28,178.5,0.0056022408963585435
2014-12-01,183.95,0.005436259853220984
2014-12-02,179.5,0.005571030640668524
2014-12-03,178.89999,0.0055897152369879955
2014-12-04,178.89999,0.0055897152369879955
2014-12-05,179.2,0.005580357142857143
2014-12-08,179.85001,0.005560188737270573
2014-12-09,184.0,0.005434782608695652
2014-12-10,179.89999,0.005558643999924625
2014-12-11,180.7,0.005534034311012729
2014-12-12,179.71001,0.005564520306910004
2014-12-15,178.60001,0.005599103829837412
2014-12-16,180.55,0.005538631957906397
2014-12-17,186.8,0.0053533190578158455
2014-12-18,184.5,0.005420054200542005
2014-12-19,184.5,0.005420054200542005
2014-12-22,184.5,0.005420054200542005
2014-12-23,182.2,0.005488474204171241
2014-12-24,182.75,0.005471956224350205
2014-12-25,182.75,0.005471956224350205
2014-12-26,182.75,0.005471956224350205
2014-12-30,183.45,0.005451076587626056
2014-12-31,183.45,0.005451076587626056
2015-01-01,183.45,0.005451076587626056
2015-01-02,183.39999,0.005452563001775518
2015-01-05,183.5,0.005449591280653951
2015-01-06,183.5,0.005449591280653951
2015-01-07,183.0,0.00546448087431694
2015-01-08,179.95,0.005557099194220617
2015-01-09,181.25,0.005517241379310344
2015-01-12,180.0,0.005555555555555556
2015-01-13,183.5,0.005449591280653951
2015-01-14,183.45,0.005451076587626056
2015-01-15,185.60001,0.005387930744184766
2015-01-16,185.5,0.005390835579514825
2015-01-19,187.5,0.005333333333333333
2015-01-20,189.2,0.005285412262156448
2015-01-21,185.0,0.005405405405405406
2015-01-22,188.0,0.005319148936170213
2015-01-23,191.25,0.00522875816993464
2015-01-26,191.2,0.005230125523012553
2015-01-27,191.95,0.005209690023443605
2015-01-28,189.88,0.005266484095218032
2015-01-29,188.89999,0.005293806526935231
2015-01-30,190.45,0.005250721974271463
2015-02-02,189.0,0.005291005291005291
2015-02-03,189.89999,0.005265929713845693
2015-02-04,192.2,0.005202913631633715
2015-02-05,192.3,0.005200208008320333
2015-02-06,193.8,0.005159958720330237
2015-02-09,196.0,0.00510204081632653
2015-02-10,199.89999,0.005002501500875512
2015-02-11,203.89999,0.004904365125275386
2015-02-12,204.8,0.0048828125
2015-02-13,204.5,0.004889975550122249
2015-02-16,199.39999,0.005015045386913009
2015-02-17,199.95,0.005001250312578144
2015-02-18,197.89999,0.005053057354879098
2015-02-19,198.89999,0.005027652339248484
2015-02-20,199.89999,0.005002501500875512
2015-02-23,200.5,0.004987531172069825
2015-02-24,201.0,0.004975124378109453
2015-02-25,201.45,0.004964010920824026
2015-02-26,201.95,0.0049517207229512255
2015-02-27,202.45,0.004939491232403063
2015-03-02,201.0,0.004975124378109453
2015-03-03,200.5,0.004987531172069825
2015-03-04,199.7,0.005007511266900351
2015-03-05,199.89999,0.005002501500875512
2015-03-06,199.45,0.005013787916771121
2015-03-09,199.45,0.005013787916771121
2015-03-10,199.45,0.005013787916771121
2015-03-11,199.45,0.005013787916771121
2015-03-12,199.45,0.005013787916771121
2015-03-13,199.64999,0.005008765590221166
2015-03-16,199.60001,0.005010019789077165
2015-03-17,199.64999,0.005008765590221166
2015-03-18,199.10001,0.005022601455419314
2015-03-19,199.0,0.005025125628140704
2015-03-20,199.0,0.005025125628140704
2015-03-23,199.0,0.005025125628140704
2015-03-24,199.0,0.005025125628140704
2015-03-25,198.95,0.005026388539834129
2015-03-26,199.0,0.005025125628140704
2015-03-27,199.0,0.005025125628140704
2015-03-30,199.0,0.005025125628140704
2015-03-31,199.0,0.005025125628140704
2015-04-01,199.0,0.005025125628140704
2015-04-02,199.0,0.005025125628140704
2015-04-03,199.0,0.005025125628140704
2015-04-06,199.0,0.005025125628140704
2015-04-07,199.0,0.005025125628140704
2015-04-08,199.0,0.005025125628140704
2015-04-09,199.0,0.005025125628140704
2015-04-10,199.0,0.005025125628140704
2015-04-13,199.0,0.005025125628140704
2015-04-14,198.98,0.005025630716654941
2015-04-15,198.95,0.005026388539834129
2015-04-16,199.0,0.005025125628140704
2015-04-17,198.95,0.005026388539834129
2015-04-20,198.95,0.005026388539834129
2015-04-21,198.95,0.005026388539834129
2015-04-22,198.95,0.005026388539834129
2015-04-23,198.95,0.005026388539834129
2015-04-24,199.0,0.005025125628140704
2015-04-27,197.98,0.0050510152540660675
2015-04-28,198.95,0.005026388539834129
2015-04-29,198.95,0.005026388539834129
2015-04-30,198.0,0.005050505050505051
2015-05-01,198.0,0.005050505050505051
2015-05-04,198.98,0.005025630716654941
2015-05-05,198.95,0.005026388539834129
2015-05-06,199.0,0.005025125628140704
2015-05-07,199.0,0.005025125628140704
2015-05-08,199.0,0.005025125628140704
2015-05-11,199.0,0.005025125628140704
2015-05-12,199.0,0.005025125628140704
2015-05-13,199.0,0.005025125628140704
2015-05-14,199.0,0.005025125628140704
2015-05-15,198.88,0.00502815768302494
2015-05-18,199.0,0.005025125628140704
2015-05-19,198.95,0.005026388539834129
2015-05-20,198.89999,0.005027652339248484
2015-05-21,199.0,0.005025125628140704
2015-05-22,199.0,0.005025125628140704
2015-05-25,199.0,0.005025125628140704
2015-05-26,199.0,0.005025125628140704
2015-05-27,198.95,0.005026388539834129
2015-05-28,198.95,0.005026388539834129
2015-05-29,199.0,0.005025125628140704
2015-06-01,198.0,0.005050505050505051
2015-06-02,198.95,0.005026388539834129
2015-06-03,198.89999,0.005027652339248484
2015-06-04,198.95,0.005026388539834129
2015-06-05,198.88,0.00502815768302494
2015-06-08,198.85001,0.005028916015644153
2015-06-09,198.89999,0.005027652339248484
2015-06-10,198.88,0.00502815768302494
2015-06-11,198.89999,0.005027652339248484
2015-06-12,198.85001,0.005028916015644153
2015-06-15,198.95,0.005026388539834129
2015-06-16,198.95,0.005026388539834129
2015-06-17,198.89999,0.005027652339248484
2015-06-18,198.95,0.005026388539834129
2015-06-19,198.89999,0.005027652339248484
2015-06-22,198.8,0.005030181086519115
2015-06-23,198.95,0.005026388539834129
2015-06-24,198.89999,0.005027652339248484
2015-06-25,198.75,0.005031446540880503
2015-06-26,198.89999,0.005027652339248484
2015-06-29,198.88,0.00502815768302494
2015-06-30,198.89999,0.005027652339248484
2015-07-01,198.95,0.005026388539834129
2015-07-02,198.89999,0.005027652339248484
2015-07-03,198.95,0.005026388539834129
2015-07-06,198.9,0.005027652086475615
2015-07-07,198.9,0.005027652086475615
2015-07-08,198.78,0.005030687191870409
2015-07-09,198.95,0.005026388539834129
2015-07-10,198.95,0.005026388539834129
2015-07-13,198.95,0.005026388539834129
2015-07-14,198.9,0.005027652086475615
2015-07-15,198.95,0.005026388539834129
2015-07-16,198.9,0.005027652086475615
2015-07-17,198.95,0.005026388539834129
2015-07-20,198.9,0.005027652086475615
2015-07-21,198.98,0.005025630716654941
2015-07-22,198.88,0.00502815768302494
2015-07-23,198.9,0.005027652086475615
2015-07-24,198.95,0.005026388539834129
2015-07-27,198.95,0.005026388539834129
2015-07-28,198.95,0.005026388539834129
2015-07-29,199.0,0.005025125628140704
2015-07-30,198.95,0.005026388539834129
2015-07-31,197.45,0.005064573309698658
2015-08-03,198.95,0.005026388539834129
2015-08-04,199.0,0.005025125628140704
2015-08-05,198.95,0.005026388539834129
2015-08-06,198.9,0.005027652086475615
2015-08-07,198.9,0.005027652086475615
2015-08-10,198.95,0.005026388539834129
2015-08-11,199.0,0.005025125628140704
2015-08-12,198.9,0.005027652086475615
2015-08-13,198.85,0.005028916268544129
2015-08-14,198.95,0.005026388539834129
2015-08-17,198.88,0.00502815768302494
2015-08-18,198.98,0.005025630716654941
2015-08-19,198.98,0.005025630716654941
2015-08-20,199.0,0.005025125628140704
2015-08-21,199.0,0.005025125628140704
2015-08-24,198.9,0.005027652086475615
2015-08-25,199.0,0.005025125628140704
2015-08-26,198.95,0.005026388539834129
2015-08-27,199.0,0.005025125628140704
2015-08-28,199.0,0.005025125628140704
2015-08-31,199.0,0.005025125628140704
2015-09-01,199.0,0.005025125628140704
2015-09-02,199.0,0.005025125628140704
2015-09-03,198.85,0.005028916268544129
2015-09-04,197.45,0.005064573309698658
2015-09-07,197.45,0.005064573309698658
2015-09-08,198.95,0.005026388539834129
2015-09-09,199.0,0.005025125628140704
2015-09-10,199.0,0.005025125628140704
2015-09-11,199.0,0.005025125628140704
2015-09-14,198.95,0.005026388539834129
2015-09-15,198.98,0.005025630716654941
2015-09-16,199.0,0.005025125628140704
2015-09-17,199.0,0.005025125628140704
2015-09-18,198.9,0.005027652086475615
2015-09-21,198.0,0.005050505050505051
2015-09-22,199.0,0.005025125628140704
2015-09-23,199.0,0.005025125628140704
2015-09-24,198.9,0.005027652086475615
2015-09-25,198.9,0.005027652086475615
2015-09-28,198.95,0.005026388539834129
2015-09-29,198.8,0.005030181086519115
2015-09-30,198.0,0.005050505050505051
2015-10-01,198.0,0.005050505050505051
2015-10-02,199.0,0.005025125628140704
2015-10-05,199.0,0.005025125628140704
2015-10-06,198.98,0.005025630716654941
2015-10-07,198.95,0.005026388539834129
2015-10-08,199.0,0.005025125628140704
2015-10-09,199.0,0.005025125628140704
2015-10-12,199.0,0.005025125628140704
2015-10-13,198.95,0.005026388539834129
2015-10-14,199.0,0.005025125628140704
2015-10-15,198.95,0.005026388539834129
2015-10-16,199.0,0.005025125628140704
2015-10-19,199.0,0.005025125628140704
2015-10-20,198.98,0.005025630716654941
2015-10-21,198.85,0.005028916268544129
2015-10-22,198.95,0.005026388539834129
2015-10-23,199.0,0.005025125628140704
2015-10-26,198.35,0.005041593143433325
2015-10-27,198.95,0.005026388539834129
2015-10-28,198.98,0.005025630716654941
2015-10-29,198.98,0.005025630716654941
2015-10-30,198.9,0.005027652086475615
2015-11-02,198.88,0.00502815768302494
2015-11-03,198.9,0.005027652086475615
2015-11-04,198.95,0.005026388539834129
2015-11-05,198.0,0.005050505050505051
2015-11-06,198.0,0.005050505050505051
2015-11-09,198.98,0.005025630716654941
2015-11-10,198.95,0.005026388539834129
2015-11-11,199.0,0.005025125628140704
2015-11-12,199.0,0.005025125628140704
2015-11-13,198.85,0.005028916268544129
2015-11-16,198.95,0.005026388539834129
2015-11-17,198.95,0.005026388539834129
2015-11-18,198.98,0.005025630716654941
2015-11-19,198.95,0.005026388539834129
2015-11-20,199.0,0.005025125628140704
2015-11-23,199.0,0.005025125628140704
2015-11-24,199.0,0.005025125628140704
2015-11-25,199.0,0.005025125628140704
2015-11-26,199.0,0.005025125628140704
2015-11-27,199.0,0.005025125628140704
2015-11-30,198.9,0.005027652086475615
2015-12-01,199.0,0.005025125628140704
2015-12-02,199.0,0.005025125628140704
2015-12-03,198.8,0.005030181086519115
2015-12-04,198.0,0.005050505050505051
2015-12-07,199.0,0.005025125628140704
2015-12-08,199.0,0.005025125628140704
2015-12-09,199.0,0.005025125628140704
2015-12-10,198.45,0.005039052658100278
2015-12-11,198.95,0.005026388539834129
2015-12-14,199.0,0.005025125628140704
2015-12-15,198.95,0.005026388539834129
2015-12-16,199.0,0.005025125628140704
2015-12-17,198.0,0.005050505050505051
2015-12-18,198.95,0.005026388539834129
2015-12-21,198.0,0.005050505050505051
2015-12-22,199.0,0.005025125628140704
2015-12-23,199.0,0.005025125628140704
2015-12-24,199.0,0.005025125628140704
2015-12-25,199.0,0.005025125628140704
2015-12-28,198.9,0.005027652086475615
2015-12-29,198.8,0.005030181086519115
2015-12-30,199.0,0.005025125628140704
2015-12-31,199.0,0.005025125628140704
2016-01-01,199.0,0.005025125628140704
2016-01-04,199.0,0.005025125628140704
2016-01-05,198.85,0.005028916268544129
2016-01-06,198.0,0.005050505050505051
2016-01-07,198.55,0.00503651473180559
2016-01-08,199.0,0.005025125628140704
2016-01-11,198.55,0.00503651473180559
2016-01-12,198.75,0.005031446540880503
2016-01-13,198.6,0.005035246727089627
2016-01-14,198.58,0.005035753852351697
2016-01-15,199.0,0.005025125628140704
2016-01-18,199.0,0.005025125628140704
2016-01-19,198.0,0.005050505050505051
2016-01-20,198.78,0.005030687191870409
2016-01-21,198.8,0.005030181086519115
2016-01-22,198.9,0.005027652086475615
2016-01-25,199.0,0.005025125628140704
2016-01-26,199.0,0.005025125628140704
2016-01-27,198.6,0.005035246727089627
2016-01-28,198.58,0.005035753852351697
2016-01-29,199.0,0.005025125628140704
2016-02-01,199.0,0.005025125628140704
2016-02-02,198.0,0.005050505050505051
2016-02-03,198.6,0.005035246727089627
2016-02-04,199.0,0.005025125628140704
2016-02-05,199.0,0.005025125628140704
2016-02-08,199.0,0.005025125628140704
2016-02-09,199.0,0.005025125628140704
2016-02-10,198.6,0.005035246727089627
2016-02-11,198.98,0.005025630716654941
2016-02-12,199.0,0.005025125628140704
2016-02-15,199.0,0.005025125628140704
2016-02-16,199.0,0.005025125628140704
2016-02-17,199.0,0.005025125628140704
2016-02-18,199.04,0.00502411575562701
2016-02-19,199.0,0.005025125628140704
2016-02-22,199.0,0.005025125628140704
2016-02-23,199.0,0.005025125628140704
2016-02-24,199.0,0.005025125628140704
2016-02-25,199.0,0.005025125628140704
2016-02-26,199.0,0.005025125628140704
2016-02-29,199.0,0.005025125628140704
2016-03-01,199.0,0.005025125628140704
2016-03-02,199.0,0.005025125628140704
2016-03-03,199.05,0.0050238633509168545
2016-03-04,199.0,0.005025125628140704
2016-03-07,198.8,0.005030181086519115
2016-03-08,199.0,0.005025125628140704
2016-03-09,199.0,0.005025125628140704
2016-03-10,198.78,0.005030687191870409
2016-03-11,198.0,0.005050505050505051
2016-03-14,199.0,0.005025125628140704
2016-03-15,199.0,0.005025125628140704
2016-03-16,198.55,0.00503651473180559
2016-03-17,199.0,0.005025125628140704
2016-03-18,198.8,0.005030181086519115
2016-03-21,198.8,0.005030181086519115
2016-03-22,199.0,0.005025125628140704
2016-03-23,199.0,0.005025125628140704
2016-03-24,198.6,0.005035246727089627
2016-03-25,198.6,0.005035246727089627
2016-03-28,199.0,0.005025125628140704
2016-03-29,198.0,0.005050505050505051
2016-03-30,198.25,0.005044136191677175
2016-03-31,198.35,0.005041593143433325
2016-04-01,198.8,0.005030181086519115
2016-04-04,199.0,0.005025125628140704
2016-04-05,198.87,0.0050284105194348064
2016-04-06,198.9,0.005027652086475615
2016-04-07,199.0,0.005025125628140704
2016-04-08,199.0,0.005025125628140704
2016-04-11,199.0,0.005025125628140704
2016-04-12,198.8,0.005030181086519115
2016-04-13,199.0,0.005025125628140704
2016-04-14,198.55,0.00503651473180559
2016-04-15,198.8,0.005030181086519115
2016-04-18,199.0,0.005025125628140704
2016-04-19,198.9,0.005027652086475615
2016-04-20,199.0,0.005025125628140704
2016-04-21,198.8,0.005030181086519115
2016-04-22,198.9,0.005027652086475615
2016-04-25,199.0,0.005025125628140704
2016-04-26,198.0,0.005050505050505051
2016-04-27,198.0,0.005050505050505051
2016-04-28,198.55,0.00503651473180559
2016-04-29,199.0,0.005025125628140704
2016-05-02,198.8,0.005030181086519115
2016-05-03,198.8,0.005030181086519115
2016-05-04,198.9,0.005027652086475615
2016-05-05,198.8,0.005030181086519115
2016-05-06,199.0,0.005025125628140704
2016-05-09,198.6,0.005035246727089627
2016-05-10,199.0,0.005025125628140704
2016-05-11,199.0,0.005025125628140704
2016-05-12,199.0,0.005025125628140704
2016-05-13,199.0,0.005025125628140704
2016-05-16,199.0,0.005025125628140704
2016-05-17,199.0,0.005025125628140704
2016-05-18,198.8,0.005030181086519115
2016-05-19,198.8,0.005030181086519115
2016-05-20,198.0,0.005050505050505051
2016-05-23,198.8,0.005030181086519115
2016-05-24,199.0,0.005025125628140704
2016-05-25,198.0,0.005050505050505051
2016-05-26,198.0,0.005050505050505051
2016-05-27,198.8,0.005030181086519115
2016-05-30,198.8,0.005030181086519115
2016-05-31,198.0,0.005050505050505051
2016-06-01,198.78,0.005030687191870409
2016-06-02,198.8,0.005030181086519115
2016-06-03,198.0,0.005050505050505051
2016-06-06,199.0,0.005025125628140704
2016-06-07,198.0,0.005050505050505051
2016-06-08,198.98,0.005025630716654941
2016-06-09,198.78,0.005030687191870409
2016-06-10,198.0,0.005050505050505051
2016-06-13,199.0,0.005025125628140704
2016-06-14,198.8,0.005030181086519115
2016-06-15,198.6,0.005035246727089627
2016-06-16,199.0,0.005025125628140704
2016-06-17,199.0,0.005025125628140704
2016-06-20,255.05,0.003920799843168006
2016-06-21,281.5,0.003552397868561279
2016-06-22,284.15,0.0035192679922576107
2016-06-23,283.0,0.0035335689045936395
2016-06-24,282.0,0.0035460992907801418
2016-06-27,282.0,0.0035460992907801418
2016-06-28,281.0,0.0035587188612099642
2016-06-29,282.0,0.0035460992907801418
2016-06-30,282.5,0.0035398230088495575
2016-07-01,282.5,0.0035398230088495575
2016-07-04,282.5,0.0035398230088495575
2016-07-05,281.5,0.003552397868561279
2016-07-06,281.72,0.003549623739883572
2016-07-07,281.5,0.003552397868561279
2016-07-08,281.0,0.0035587188612099642
2016-07-11,283.0,0.0035335689045936395
2016-07-12,282.7,0.003537318712415989
2016-07-13,282.5,0.0035398230088495575
2016-07-14,282.5,0.0035398230088495575
2016-07-15,284.0,0.0035211267605633804
2016-07-18,295.0,0.003389830508474576
2016-07-19,293.0,0.0034129692832764505
2016-07-20,294.5,0.003395585738539898
2016-07-21,293.5,0.0034071550255536627
2016-07-22,305.0,0.003278688524590164
2016-07-25,308.5,0.0032414910858995136
2016-07-26,312.0,0.003205128205128205
2016-07-27,314.5,0.003179650238473768
2016-07-28,315.0,0.0031746031746031746
2016-07-29,319.25,0.0031323414252153485
2016-08-01,319.5,0.003129890453834116
2016-08-02,317.0,0.0031545741324921135
2016-08-03,320.0,0.003125
2016-08-04,315.6,0.0031685678073510772
2016-08-05,319.0,0.003134796238244514
2016-08-08,316.48,0.003159757330637007
2016-08-09,319.5,0.003129890453834116
2016-08-10,321.5,0.003110419906687403
2016-08-11,320.0,0.003125
2016-08-12,310.0,0.0032258064516129032
2016-08-15,310.5,0.00322061191626409
2016-08-16,315.0,0.0031746031746031746
2016-08-17,321.0,0.003115264797507788
2016-08-18,350.0,0.002857142857142857
2016-08-19,340.0,0.0029411764705882353
2016-08-22,329.0,0.00303951367781155
2016-08-23,330.0,0.0030303030303030303
2016-08-24,330.0,0.0030303030303030303
2016-08-25,315.0,0.0031746031746031746
2016-08-26,314.75,0.003177124702144559
2016-08-29,315.0,0.0031746031746031746
2016-08-30,304.0,0.003289473684210526
2016-08-31,304.5,0.003284072249589491
2016-09-01,305.0,0.003278688524590164
2016-09-02,304.0,0.003289473684210526
2016-09-05,317.0,0.0031545741324921135
2016-09-06,304.5,0.003284072249589491
2016-09-07,304.5,0.003284072249589491
2016-09-08,304.0,0.003289473684210526
2016-09-09,304.0,0.003289473684210526
2016-09-12,304.5,0.003284072249589491
2016-09-13,304.5,0.003284072249589491
2016-09-14,304.2,0.003287310979618672
2016-09-15,304.3,0.003286230693394676
2016-09-16,304.0,0.003289473684210526
2016-09-19,304.0,0.003289473684210526
2016-09-20,305.5,0.0032733224222585926
2016-09-21,304.0,0.003289473684210526
2016-09-22,304.0,0.003289473684210526
2016-09-23,304.5,0.003284072249589491
2016-09-26,304.5,0.003284072249589491
2016-09-27,304.0,0.003289473684210526
2016-09-28,304.5,0.003284072249589491
2016-09-29,304.5,0.003284072249589491
2016-09-30,304.5,0.003284072249589491
2016-10-03,304.25,0.003286770747740345
2016-10-04,304.25,0.003286770747740345
2016-10-05,304.2,0.003287310979618672
2016-10-06,304.25,0.003286770747740345
2016-10-07,304.0,0.003289473684210526
2016-10-10,304.0,0.003289473684210526
2016-10-11,304.25,0.003286770747740345
2016-10-12,304.25,0.003286770747740345
2016-10-13,304.25,0.003286770747740345
2016-10-14,304.0,0.003289473684210526
2016-10-17,304.0,0.003289473684210526
2016-10-18,304.0,0.003289473684210526
2016-10-19,304.5,0.003284072249589491
2016-10-20,304.5,0.003284072249589491
2016-10-21,304.25,0.003286770747740345
2016-10-24,304.25,0.003286770747740345
2016-10-25,304.5,0.003284072249589491
2016-10-26,304.5,0.003284072249589491
2016-10-27,317.55,0.00314911037631869
2016-10-28,304.5,0.003284072249589491
2016-10-31,304.5,0.003284072249589491
2016-11-01,304.5,0.003284072249589491
2016-11-02,304.0,0.003289473684210526
2016-11-21,315.0,0.0031746031746031746
2016-11-24,315.0,0.0031746031746031746
2016-11-25,313.0,0.003194888178913738
2016-11-28,314.0,0.0031847133757961785
2016-11-29,314.0,0.0031847133757961785
2016-11-30,314.0,0.0031847133757961785
2016-12-01,315.0,0.0031746031746031746
2016-12-02,314.0,0.0031847133757961785
2016-12-06,314.0,0.0031847133757961785
2016-12-07,314.0,0.0031847133757961785
2016-12-08,315.0,0.0031746031746031746
2016-12-09,315.0,0.0031746031746031746
2016-12-12,314.0,0.0031847133757961785
2016-12-13,315.0,0.0031746031746031746
2016-12-14,315.0,0.0031746031746031746
2016-12-15,315.0,0.0031746031746031746
2016-12-16,315.0,0.0031746031746031746
2016-12-19,315.0,0.0031746031746031746
2016-12-20,315.0,0.0031746031746031746
2016-12-21,315.0,0.0031746031746031746
2016-12-22,314.0,0.0031847133757961785
2016-12-23,314.0,0.0031847133757961785
2016-12-26,304.25,0.003286770747740345
2016-12-27,304.25,0.003286770747740345
2016-12-28,304.25,0.003286770747740345
2016-12-29,304.2,0.003287310979618672
2016-12-30,304.2,0.003287310979618672
2017-01-02,304.0,0.003289473684210526
2017-01-03,304.0,0.003289473684210526
2017-01-04,304.0,0.003289473684210526
2017-01-05,304.0,0.003289473684210526
2017-01-06,304.0,0.003289473684210526
2017-01-09,304.0,0.003289473684210526
2017-01-10,304.2,0.003287310979618672
2017-01-11,314.0,0.0031847133757961785
2017-01-12,315.0,0.0031746031746031746
2017-01-13,315.0,0.0031746031746031746
2017-01-16,314.0,0.0031847133757961785
2017-01-17,314.0,0.0031847133757961785
2017-01-18,314.0,0.0031847133757961785
2017-01-19,315.0,0.0031746031746031746
2017-01-20,315.0,0.0031746031746031746
2017-01-23,315.0,0.0031746031746031746
2017-01-25,315.0,0.0031746031746031746
2017-01-26,315.0,0.0031746031746031746
2017-01-27,315.0,0.0031746031746031746
2017-01-31,315.0,0.0031746031746031746
2017-02-01,315.0,0.0031746031746031746
2017-02-02,315.0,0.0031746031746031746
2017-02-03,315.0,0.0031746031746031746
2017-02-06,315.0,0.0031746031746031746
2017-02-07,315.0,0.0031746031746031746
2017-02-08,315.0,0.0031746031746031746
2017-02-09,315.0,0.0031746031746031746
2017-02-10,315.0,0.0031746031746031746
2017-02-13,315.0,0.0031746031746031746
2017-02-14,315.0,0.0031746031746031746
2017-02-15,315.0,0.0031746031746031746
2017-02-16,315.0,0.0031746031746031746
2017-02-17,315.0,0.0031746031746031746
2017-02-21,315.0,0.0031746031746031746
2017-02-22,315.0,0.0031746031746031746
2017-02-23,315.0,0.0031746031746031746
2017-02-24,315.0,0.0031746031746031746
2017-02-27,315.0,0.0031746031746031746
2017-02-28,315.0,0.0031746031746031746
2017-03-07,315.0,0.0031746031746031746
2017-03-08,315.0,0.0031746031746031746
2017-03-09,315.0,0.0031746031746031746
2017-03-10,315.0,0.0031746031746031746
2017-03-13,315.0,0.0031746031746031746
2017-03-14,314.0,0.0031847133757961785
2017-03-15,315.0,0.0031746031746031746
2017-03-16,315.0,0.0031746031746031746
2017-03-17,315.0,0.0031746031746031746
2017-03-20,315.0,0.0031746031746031746
2017-03-21,314.0,0.0031847133757961785
2017-03-22,314.0,0.0031847133757961785
2017-03-23,315.0,0.0031746031746031746
2017-03-24,315.0,0.0031746031746031746
2017-03-27,314.0,0.0031847133757961785
2017-03-28,315.0,0.0031746031746031746
2017-03-29,314.0,0.0031847133757961785
2017-03-30,315.0,0.0031746031746031746
2017-03-31,315.0,0.0031746031746031746
2017-04-03,314.0,0.0031847133757961785
2017-04-04,315.0,0.0031746031746031746
2017-04-05,315.0,0.0031746031746031746
2017-04-06,315.0,0.0031746031746031746
2017-04-07,315.0,0.0031746031746031746
2017-04-10,314.0,0.0031847133757961785
2017-04-11,315.0,0.0031746031746031746
2017-04-12,314.0,0.0031847133757961785
2017-04-13,314.0,0.0031847133757961785
2017-04-14,314.0,0.0031847133757961785
2017-04-17,314.0,0.0031847133757961785
2017-04-18,315.0,0.0031746031746031746
2017-04-19,314.0,0.0031847133757961785
2017-04-20,315.0,0.0031746031746031746
2017-04-21,315.0,0.0031746031746031746
2017-04-24,314.0,0.0031847133757961785
2017-04-25,314.0,0.0031847133757961785
2017-04-26,314.0,0.0031847133757961785
2017-04-27,314.5,0.003179650238473768
2017-05-01,314.0,0.0031847133757961785
2017-05-02,314.0,0.0031847133757961785
2017-05-03,315.0,0.0031746031746031746
2017-05-04,315.0,0.0031746031746031746
2017-05-05,314.0,0.0031847133757961785
2017-05-08,315.0,0.0031746031746031746
2017-05-09,315.0,0.0031746031746031746
2017-05-10,315.0,0.0031746031746031746
2017-05-11,314.0,0.0031847133757961785
2017-05-12,315.0,0.0031746031746031746
2017-05-15,315.0,0.0031746031746031746
2017-05-24,321.0,0.003115264797507788
2017-05-25,321.0,0.003115264797507788
2017-05-30,324.0,0.0030864197530864196
2017-06-02,322.0,0.003105590062111801
2017-06-05,323.0,0.0030959752321981426
2017-06-08,322.0,0.003105590062111801
2017-06-09,322.0,0.003105590062111801
2017-06-12,321.0,0.003115264797507788
2017-06-14,323.0,0.0030959752321981426
2017-06-15,322.0,0.003105590062111801
2017-06-16,322.0,0.003105590062111801
2017-06-20,322.0,0.003105590062111801
2017-06-28,348.0,0.0028735632183908046
2017-06-29,349.0,0.0028653295128939827
2017-07-10,348.0,0.0028735632183908046
2017-07-11,348.0,0.0028735632183908046
2017-07-12,349.0,0.0028653295128939827
2017-07-13,347.0,0.002881844380403458
2017-07-14,348.0,0.0028735632183908046
2017-07-17,347.0,0.002881844380403458
2017-07-19,348.0,0.0028735632183908046
2017-07-20,346.0,0.002890173410404624
2017-07-26,348.0,0.0028735632183908046
2017-07-27,348.0,0.0028735632183908046
2017-08-01,364.0,0.0027472527472527475
2017-08-02,364.0,0.0027472527472527475
2017-08-03,362.0,0.0027624309392265192
2017-08-04,361.0,0.002770083102493075
2017-08-07,363.0,0.0027548209366391185
2017-08-08,361.0,0.002770083102493075
2017-08-11,364.9,0.002740476842970677
2017-08-23,361.0,0.002770083102493075
2017-08-24,365.0,0.0027397260273972603
2017-09-05,357.0,0.0028011204481792717
2017-09-06,360.0,0.002777777777777778
2017-09-14,352.0,0.002840909090909091
2017-09-18,358.0,0.002793296089385475
2017-09-21,353.0,0.0028328611898017
2017-09-22,353.0,0.0028328611898017
2017-10-03,353.0,0.0028328611898017
2017-10-04,353.0,0.0028328611898017
2017-10-18,352.0,0.002840909090909091
2017-10-19,352.0,0.002840909090909091
2017-10-20,357.0,0.0028011204481792717
2017-10-23,356.0,0.0028089887640449437
2017-10-24,353.0,0.0028328611898017
2017-10-25,354.0,0.002824858757062147
2017-10-26,352.0,0.002840909090909091
2017-10-27,353.0,0.0028328611898017
2017-10-30,357.0,0.0028011204481792717
2017-10-31,356.0,0.0028089887640449437
2017-11-01,354.0,0.002824858757062147
2017-11-02,354.0,0.002824858757062147
2017-11-03,354.0,0.002824858757062147
2017-11-06,353.0,0.0028328611898017
2017-11-07,353.0,0.0028328611898017
2017-11-08,352.0,0.002840909090909091
2017-11-09,353.0,0.0028328611898017
2017-11-10,352.0,0.002840909090909091
2017-11-13,355.0,0.0028169014084507044
2017-11-14,356.0,0.0028089887640449437
2017-11-15,357.0,0.0028011204481792717
2017-11-16,357.0,0.0028011204481792717
2017-11-17,358.0,0.002793296089385475
2017-11-20,355.0,0.0028169014084507044
2017-11-21,356.0,0.0028089887640449437
2017-11-22,356.0,0.0028089887640449437
2017-11-23,355.0,0.0028169014084507044
2017-11-24,356.0,0.0028089887640449437
2017-11-27,357.0,0.0028011204481792717
2017-11-28,356.0,0.0028089887640449437
2017-11-29,357.0,0.0028011204481792717
2017-11-30,357.0,0.0028011204481792717
2017-12-01,356.0,0.0028089887640449437
2017-12-04,356.0,0.0028089887640449437
2017-12-05,358.0,0.002793296089385475
2017-12-06,355.0,0.0028169014084507044
2017-12-07,356.0,0.0028089887640449437
2017-12-08,359.0,0.002785515320334262
2017-12-11,356.0,0.0028089887640449437
2017-12-12,357.0,0.0028011204481792717
2017-12-13,358.0,0.002793296089385475
2017-12-14,358.0,0.002793296089385475
2017-12-15,358.0,0.002793296089385475
2017-12-18,356.0,0.0028089887640449437
2017-12-19,358.0,0.002793296089385475
2017-12-20,358.0,0.002793296089385475
2017-12-21,356.0,0.0028089887640449437
2017-12-22,356.0,0.0028089887640449437
2017-12-26,355.0,0.0028169014084507044
2017-12-27,357.0,0.0028011204481792717
2017-12-28,357.0,0.0028011204481792717
2017-12-29,357.0,0.0028011204481792717
2018-01-02,356.0,0.0028089887640449437
2018-01-03,357.0,0.0028011204481792717
2018-01-04,358.0,0.002793296089385475
2018-01-05,357.0,0.0028011204481792717
2018-01-08,355.0,0.0028169014084507044
2018-01-09,358.0,0.002793296089385475
2018-01-10,358.0,0.002793296089385475
2018-01-11,358.0,0.002793296089385475
2018-01-12,357.0,0.0028011204481792717
2018-01-16,358.0,0.002793296089385475
2018-01-17,357.0,0.0028011204481792717
2018-01-18,358.0,0.002793296089385475
2018-01-19,358.0,0.002793296089385475
2018-01-22,355.0,0.0028169014084507044
2018-01-23,358.0,0.002793296089385475
2018-01-24,358.0,0.002793296089385475
2018-01-25,359.0,0.002785515320334262
2018-01-26,358.0,0.002793296089385475
2018-01-29,357.0,0.0028011204481792717
2018-01-30,357.0,0.0028011204481792717
2018-01-31,358.0,0.002793296089385475
2018-02-01,357.0,0.0028011204481792717
2018-02-02,357.0,0.0028011204481792717
2018-02-05,355.0,0.0028169014084507044
2018-02-06,358.0,0.002793296089385475
2018-02-07,357.0,0.0028011204481792717
2018-02-08,358.0,0.002793296089385475
2018-02-09,358.0,0.002793296089385475
2018-02-12,358.0,0.002793296089385475
2018-02-13,359.0,0.002785515320334262
2018-02-14,357.0,0.0028011204481792717
2018-02-15,357.0,0.0028011204481792717
2018-02-16,359.0,0.002785515320334262
2018-02-20,359.0,0.002785515320334262
2018-02-21,356.0,0.0028089887640449437
2018-02-22,359.0,0.002785515320334262
2018-02-23,358.0,0.002793296089385475
2018-02-26,357.0,0.0028011204481792717
2018-02-27,358.0,0.002793296089385475
2018-02-28,359.0,0.002785515320334262
2018-03-01,358.0,0.002793296089385475
2018-03-02,359.0,0.002785515320334262
2018-03-05,356.0,0.0028089887640449437
2018-03-06,359.0,0.002785515320334262
2018-03-07,355.0,0.0028169014084507044
2018-03-08,356.0,0.0028089887640449437
2018-03-09,355.0,0.0028169014084507044
2018-03-12,355.0,0.0028169014084507044
2018-03-13,355.0,0.0028169014084507044
2018-03-14,357.0,0.0028011204481792717
2018-03-15,357.0,0.0028011204481792717
2018-03-16,357.0,0.0028011204481792717
2018-03-19,355.0,0.0028169014084507044
2018-03-20,357.0,0.0028011204481792717
2018-03-21,357.0,0.0028011204481792717
2018-03-23,357.0,0.0028011204481792717
2018-03-26,356.0,0.0028089887640449437
2018-03-27,357.0,0.0028011204481792717
2018-03-28,356.0,0.0028089887640449437
2018-03-29,355.0,0.0028169014084507044
2018-03-30,355.0,0.0028169014084507044
2018-04-02,357.0,0.0028011204481792717
2018-04-03,358.0,0.002793296089385475
2018-04-04,355.0,0.0028169014084507044
2018-04-05,358.0,0.002793296089385475
2018-04-06,359.0,0.002785515320334262
2018-04-09,358.0,0.002793296089385475
2018-04-10,359.0,0.002785515320334262
2018-04-11,358.0,0.002793296089385475
2018-04-12,359.0,0.002785515320334262
2018-04-13,359.0,0.002785515320334262
2018-04-16,359.0,0.002785515320334262
2018-04-17,358.0,0.002793296089385475
2018-04-18,358.0,0.002793296089385475
2018-04-19,359.0,0.002785515320334262
2018-04-20,359.0,0.002785515320334262
2018-04-23,359.0,0.002785515320334262
2018-04-24,358.0,0.002793296089385475
2018-04-25,358.0,0.002793296089385475
2018-04-26,358.0,0.002793296089385475
2018-04-27,359.0,0.002785515320334262
2018-04-30,358.0,0.002793296089385475
2018-05-01,359.0,0.002785515320334262
2018-05-02,359.0,0.002785515320334262
2018-05-03,359.0,0.002785515320334262
2018-05-04,358.0,0.002793296089385475
2018-05-07,358.0,0.002793296089385475
2018-05-08,359.0,0.002785515320334262
2018-05-09,359.0,0.002785515320334262
2018-05-10,360.0,0.002777777777777778
2018-05-11,358.0,0.002793296089385475
2018-05-14,360.0,0.002777777777777778
2018-05-15,358.0,0.002793296089385475
2018-05-21,360.0,0.002777777777777778
2018-05-23,359.0,0.002785515320334262
2018-05-24,359.0,0.002785515320334262
2018-05-25,359.0,0.002785515320334262
2018-05-29,356.0,0.0028089887640449437
2018-05-30,359.0,0.002785515320334262
2018-05-31,359.0,0.002785515320334262
2018-06-01,358.0,0.002793296089385475
2018-06-04,358.0,0.002793296089385475
2018-06-05,358.0,0.002793296089385475
2018-06-06,358.0,0.002793296089385475
2018-06-07,358.0,0.002793296089385475
2018-06-08,359.0,0.002785515320334262
2018-06-12,358.0,0.002793296089385475
2018-06-13,359.0,0.002785515320334262
2018-06-14,356.0,0.0028089887640449437
2018-06-15,358.0,0.002793296089385475
2018-06-18,358.0,0.002793296089385475
2018-06-19,358.0,0.002793296089385475
2018-06-20,360.0,0.002777777777777778
2018-06-21,358.0,0.002793296089385475
2018-06-22,358.0,0.002793296089385475
2018-06-25,358.0,0.002793296089385475
2018-06-26,357.0,0.0028011204481792717
2018-06-27,357.0,0.0028011204481792717
2018-06-28,357.0,0.0028011204481792717
2018-07-02,358.5,0.002789400278940028
2018-07-03,358.0,0.002793296089385475
2018-07-05,358.0,0.002793296089385475
2018-07-06,358.0,0.002793296089385475
2018-07-09,358.0,0.002793296089385475
2018-07-10,359.0,0.002785515320334262
2018-07-11,358.0,0.002793296089385475
2018-07-12,359.0,0.002785515320334262
2018-07-13,358.0,0.002793296089385475
2018-07-16,358.0,0.002793296089385475
2018-07-17,359.0,0.002785515320334262
2018-07-18,359.0,0.002785515320334262
2018-07-19,359.0,0.002785515320334262
2018-07-20,359.0,0.002785515320334262
2018-07-30,359.0,0.002785515320334262
2018-07-31,358.0,0.002793296089385475
2018-08-01,359.0,0.002785515320334262
2018-08-02,358.0,0.002793296089385475
2018-08-03,358.0,0.002793296089385475
2018-08-06,358.0,0.002793296089385475
2018-08-07,358.0,0.002793296089385475
2018-08-08,358.0,0.002793296089385475
2018-08-09,358.0,0.002793296089385475
2018-08-10,358.0,0.002793296089385475
2018-08-13,358.0,0.002793296089385475
2018-08-14,358.0,0.002793296089385475
2018-08-15,358.0,0.002793296089385475
2018-08-16,358.0,0.002793296089385475
2018-08-17,358.0,0.002793296089385475
2018-08-20,358.0,0.002793296089385475
2018-08-21,360.0,0.002777777777777778
2018-08-22,359.0,0.002785515320334262
2018-08-23,361.0,0.002770083102493075
2018-08-24,360.0,0.002777777777777778
2018-09-11,360.0,0.002777777777777778
2018-09-12,357.0,0.0028011204481792717
2018-09-13,360.5,0.0027739251040221915
2018-09-14,360.0,0.002777777777777778
2018-09-17,359.0,0.002785515320334262
2018-09-18,360.0,0.002777777777777778
2018-09-19,359.0,0.002785515320334262
2018-09-20,360.0,0.002777777777777778
2018-09-21,360.0,0.002777777777777778
2018-09-24,361.0,0.002770083102493075
2018-09-25,360.0,0.002777777777777778
2018-09-26,361.0,0.002770083102493075
2018-09-27,360.0,0.002777777777777778
2018-09-28,359.0,0.002785515320334262
2018-10-01,360.0,0.002777777777777778
2018-10-02,360.0,0.002777777777777778
2018-10-03,360.0,0.002777777777777778
2018-10-04,361.0,0.002770083102493075
2018-10-05,361.0,0.002770083102493075
2018-10-09,360.0,0.002777777777777778
2018-10-10,360.0,0.002777777777777778
2018-10-11,360.0,0.002777777777777778
2018-10-12,360.0,0.002777777777777778
2018-10-15,361.0,0.002770083102493075
2018-10-16,360.0,0.002777777777777778
2018-10-17,361.0,0.002770083102493075
2018-10-19,361.0,0.002770083102493075
2018-10-22,361.0,0.002770083102493075
2018-10-23,361.0,0.002770083102493075
2018-10-24,360.0,0.002777777777777778
2018-10-25,360.0,0.002777777777777778
2018-10-26,360.0,0.002777777777777778
2018-10-29,361.0,0.002770083102493075
2018-10-30,361.0,0.002770083102493075
2018-10-31,361.0,0.002770083102493075
2018-11-01,361.0,0.002770083102493075
2018-11-02,360.0,0.002777777777777778
2018-11-05,360.0,0.002777777777777778
2018-11-06,360.0,0.002777777777777778
2018-11-07,360.0,0.002777777777777778
2018-11-08,360.0,0.002777777777777778
2018-11-09,361.0,0.002770083102493075
2018-11-13,360.0,0.002777777777777778
2018-11-14,362.0,0.0027624309392265192
2018-11-15,361.0,0.002770083102493075
2018-11-16,362.0,0.0027624309392265192
2018-11-20,361.0,0.002770083102493075
2018-11-21,360.0,0.002777777777777778
2018-11-22,361.0,0.002770083102493075
2018-11-23,361.0,0.002770083102493075
2018-11-26,360.0,0.002777777777777778
2018-11-27,361.0,0.002770083102493075
2018-11-28,361.0,0.002770083102493075
2018-11-29,361.0,0.002770083102493075
2018-11-30,361.0,0.002770083102493075
2018-12-03,360.0,0.002777777777777778
2018-12-04,361.0,0.002770083102493075
2018-12-05,361.0,0.002770083102493075
2018-12-06,361.0,0.002770083102493075
2018-12-07,361.0,0.002770083102493075
2018-12-10,361.0,0.002770083102493075
2018-12-11,363.0,0.0027548209366391185
2018-12-12,362.0,0.0027624309392265192
2018-12-13,361.0,0.002770083102493075
2018-12-14,360.0,0.002777777777777778
2018-12-17,362.0,0.0027624309392265192
2018-12-18,362.0,0.0027624309392265192
2018-12-19,361.0,0.002770083102493075
2018-12-20,361.0,0.002770083102493075
2018-12-21,362.0,0.0027624309392265192
2018-12-24,361.0,0.002770083102493075
2018-12-26,362.0,0.0027624309392265192
2018-12-27,362.0,0.0027624309392265192
2018-12-28,361.0,0.002770083102493075
2018-12-31,362.0,0.0027624309392265192
2019-01-02,362.0,0.0027624309392265192
2019-01-03,361.0,0.002770083102493075
2019-01-04,362.0,0.0027624309392265192
2019-01-07,362.0,0.0027624309392265192
2019-01-08,361.0,0.002770083102493075
2019-01-09,361.0,0.002770083102493075
2019-01-10,363.0,0.0027548209366391185
2019-01-14,361.0,0.002770083102493075
2019-01-15,361.0,0.002770083102493075
2019-01-16,362.0,0.0027624309392265192
2019-01-17,360.0,0.002777777777777778
2019-01-18,360.0,0.002777777777777778
2019-01-22,361.0,0.002770083102493075
2019-01-23,360.0,0.002777777777777778
2019-01-24,360.0,0.002777777777777778
2019-01-25,359.0,0.002785515320334262
2019-01-28,360.0,0.002777777777777778
2019-01-29,359.0,0.002785515320334262
2019-01-30,360.0,0.002777777777777778
2019-01-31,360.0,0.002777777777777778
2019-02-01,358.0,0.002793296089385475
2019-02-04,358.0,0.002793296089385475
2019-02-05,360.0,0.002777777777777778
2019-02-06,358.0,0.002793296089385475
2019-02-07,358.0,0.002793296089385475
2019-02-08,358.0,0.002793296089385475
2019-02-11,358.0,0.002793296089385475
2019-02-12,359.0,0.002785515320334262
2019-02-13,359.0,0.002785515320334262
2019-02-14,359.0,0.002785515320334262
2019-02-15,359.0,0.002785515320334262
2019-02-19,359.0,0.002785515320334262
2019-02-20,359.0,0.002785515320334262
2019-02-21,358.0,0.002793296089385475
2019-02-22,359.0,0.002785515320334262
2019-02-25,358.0,0.002793296089385475
2019-02-26,359.0,0.002785515320334262
2019-02-27,359.0,0.002785515320334262
2019-02-28,359.0,0.002785515320334262
2019-03-01,359.0,0.002785515320334262
2019-03-04,358.0,0.002793296089385475
2019-03-05,358.0,0.002793296089385475
2019-03-06,356.0,0.0028089887640449437
2019-03-07,357.0,0.0028011204481792717
2019-03-08,356.0,0.0028089887640449437
2019-03-11,356.0,0.0028089887640449437
2019-03-12,356.0,0.0028089887640449437
2019-03-13,357.0,0.0028011204481792717
2019-03-14,357.0,0.0028011204481792717
2019-03-15,358.0,0.002793296089385475
2019-03-18,357.0,0.0028011204481792717
2019-03-19,357.0,0.0028011204481792717
2019-03-20,357.0,0.0028011204481792717
2019-03-21,357.0,0.0028011204481792717
2019-03-22,356.0,0.0028089887640449437
2019-03-25,356.0,0.0028089887640449437
2019-03-26,357.0,0.0028011204481792717
2019-03-28,356.0,0.0028089887640449437
2019-03-29,357.0,0.0028011204481792717
2019-04-01,358.0,0.002793296089385475
2019-04-02,357.0,0.0028011204481792717
2019-04-03,357.0,0.0028011204481792717
2019-04-04,357.0,0.0028011204481792717
2019-04-05,358.0,0.002793296089385475
2019-04-08,357.0,0.0028011204481792717
2019-04-09,357.0,0.0028011204481792717
2019-04-10,357.0,0.0028011204481792717
2019-04-11,357.0,0.0028011204481792717
2019-04-12,357.0,0.0028011204481792717
2019-04-15,357.0,0.0028011204481792717
2019-04-16,357.0,0.0028011204481792717
2019-04-17,357.0,0.0028011204481792717
2019-04-18,357.0,0.0028011204481792717
2019-04-19,357.0,0.0028011204481792717
2019-04-22,357.0,0.0028011204481792717
2019-04-23,358.0,0.002793296089385475
2019-04-24,357.0,0.0028011204481792717
2019-04-25,358.0,0.002793296089385475
2019-04-26,358.0,0.002793296089385475
2019-04-29,356.0,0.0028089887640449437
2019-05-02,356.0,0.0028089887640449437
2019-05-03,357.0,0.0028011204481792717
2019-05-06,357.0,0.0028011204481792717
2019-05-07,356.0,0.0028089887640449437
2019-05-08,355.0,0.0028169014084507044
2019-05-09,356.0,0.0028089887640449437
2019-05-13,356.0,0.0028089887640449437
2019-05-14,355.0,0.0028169014084507044
2019-05-15,356.0,0.0028089887640449437
2019-05-16,357.0,0.0028011204481792717
2019-05-17,356.0,0.0028089887640449437
2019-05-20,355.0,0.0028169014084507044
2019-05-22,357.0,0.0028011204481792717
2019-05-23,355.0,0.0028169014084507044
2019-05-24,356.0,0.0028089887640449437
2019-05-28,355.0,0.0028169014084507044
2019-05-29,356.0,0.0028089887640449437
2019-05-30,356.0,0.0028089887640449437
2019-05-31,357.0,0.0028011204481792717
2019-06-03,356.0,0.0028089887640449437
2019-06-04,356.0,0.0028089887640449437
2019-06-05,355.0,0.0028169014084507044
2019-06-06,355.0,0.0028169014084507044
2019-06-07,356.0,0.0028089887640449437
2019-06-10,356.0,0.0028089887640449437
2019-06-11,356.0,0.0028089887640449437
2019-06-12,356.0,0.0028089887640449437
2019-06-13,356.0,0.0028089887640449437
2019-06-14,356.0,0.0028089887640449437
2019-06-17,357.0,0.0028011204481792717
2019-06-18,356.0,0.0028089887640449437
2019-06-19,355.0,0.0028169014084507044
2019-06-20,355.0,0.0028169014084507044
2019-06-21,356.0,0.0028089887640449437
2019-06-24,355.0,0.0028169014084507044
2019-06-25,356.0,0.0028089887640449437
2019-06-26,356.0,0.0028089887640449437
2019-06-27,355.0,0.0028169014084507044
2019-06-28,355.0,0.0028169014084507044
2019-07-01,356.0,0.0028089887640449437
2019-07-02,356.0,0.0028089887640449437
2019-07-03,356.0,0.0028089887640449437
2019-07-05,355.0,0.0028169014084507044
2019-07-08,356.0,0.0028089887640449437
2019-07-09,355.0,0.0028169014084507044
2019-07-10,356.0,0.0028089887640449437
2019-07-11,355.0,0.0028169014084507044
2019-07-12,355.0,0.0028169014084507044
2019-07-15,355.0,0.0028169014084507044
2019-07-16,356.0,0.0028089887640449437
2019-07-17,356.0,0.0028089887640449437
2019-07-18,356.0,0.0028089887640449437
2019-07-19,356.0,0.0028089887640449437
2019-07-22,355.0,0.0028169014084507044
2019-07-23,355.0,0.0028169014084507044
2019-07-24,355.0,0.0028169014084507044
2019-07-25,355.0,0.0028169014084507044
2019-07-26,355.0,0.0028169014084507044
2019-07-29,356.0,0.0028089887640449437
2019-07-30,356.0,0.0028089887640449437
2019-07-31,355.0,0.0028169014084507044
2019-08-01,355.0,0.0028169014084507044
2019-08-02,357.0,0.0028011204481792717
2019-08-05,358.0,0.002793296089385475
2019-08-06,359.0,0.002785515320334262
2019-08-08,358.0,0.002793296089385475
2019-08-09,358.0,0.002793296089385475
2019-08-29,358.0,0.002793296089385475
2019-08-30,358.0,0.002793296089385475
2019-09-13,361.0,0.002770083102493075
2019-09-16,359.0,0.002785515320334262
2019-09-17,358.0,0.002793296089385475
2019-09-18,359.0,0.002785515320334262
2019-09-19,357.0,0.0028011204481792717
2019-09-20,358.0,0.002793296089385475
2019-09-23,359.0,0.002785515320334262
2019-09-24,358.0,0.002793296089385475
2019-09-25,358.0,0.002793296089385475
2019-09-26,358.0,0.002793296089385475
2019-09-27,358.0,0.002793296089385475
2019-09-30,358.0,0.002793296089385475
2019-10-01,359.0,0.002785515320334262
2019-10-02,358.0,0.002793296089385475
2019-10-03,358.0,0.002793296089385475
2019-10-04,358.0,0.002793296089385475
2019-10-07,359.0,0.002785515320334262
2019-10-08,357.0,0.0028011204481792717
2019-10-09,357.0,0.0028011204481792717
2019-10-10,359.0,0.002785515320334262
2019-10-11,358.0,0.002793296089385475
2019-10-15,359.0,0.002785515320334262
2019-10-16,359.0,0.002785515320334262
2019-10-17,360.0,0.002777777777777778
2019-10-18,359.0,0.002785515320334262
2019-10-21,359.0,0.002785515320334262
2019-10-22,360.0,0.002777777777777778
2019-10-23,359.0,0.002785515320334262
2019-10-24,360.0,0.002777777777777778
2019-10-25,358.0,0.002793296089385475
2019-10-28,359.0,0.002785515320334262
2019-10-29,358.0,0.002793296089385475
2019-10-30,360.0,0.002777777777777778
2019-10-31,361.0,0.002770083102493075
2019-11-05,359.0,0.002785515320334262
2019-11-06,358.0,0.002793296089385475
2019-11-07,360.0,0.002777777777777778
2019-11-08,360.0,0.002777777777777778
2019-11-11,359.0,0.002785515320334262
2019-11-12,358.0,0.002793296089385475
2019-11-13,359.0,0.002785515320334262
2019-11-14,358.0,0.002793296089385475
2019-11-15,359.0,0.002785515320334262
2019-11-18,360.0,0.002777777777777778
2019-11-19,359.0,0.002785515320334262
2019-11-20,360.0,0.002777777777777778
2019-11-21,360.0,0.002777777777777778
2019-11-22,360.0,0.002777777777777778
2019-11-25,360.0,0.002777777777777778
2019-11-26,360.0,0.002777777777777778
2019-11-27,360.0,0.002777777777777778
2019-11-29,360.0,0.002777777777777778
2019-12-02,360.0,0.002777777777777778
2019-12-03,360.0,0.002777777777777778
2019-12-04,359.0,0.002785515320334262
2019-12-05,360.0,0.002777777777777778
2019-12-06,360.0,0.002777777777777778
2019-12-09,359.0,0.002785515320334262
2019-12-10,360.0,0.002777777777777778
2019-12-11,359.0,0.002785515320334262
2019-12-12,359.0,0.002785515320334262
2019-12-13,360.0,0.002777777777777778
2019-12-16,360.0,0.002777777777777778
2019-12-17,360.0,0.002777777777777778
2019-12-18,359.0,0.002785515320334262
2019-12-19,359.0,0.002785515320334262
2019-12-20,360.0,0.002777777777777778
2019-12-23,359.0,0.002785515320334262
2019-12-24,360.0,0.002777777777777778
2019-12-26,359.0,0.002785515320334262
2019-12-27,360.0,0.002777777777777778
2019-12-30,359.0,0.002785515320334262
2019-12-31,360.0,0.002777777777777778
2020-01-02,359.0,0.002785515320334262
2020-01-03,359.0,0.002785515320334262
2020-01-06,360.0,0.002777777777777778
2020-01-07,360.0,0.002777777777777778
2020-01-08,360.0,0.002777777777777778
2020-01-09,360.0,0.002777777777777778
2020-01-10,359.0,0.002785515320334262
2020-01-13,360.0,0.002777777777777778
2020-01-14,360.0,0.002777777777777778
2020-01-15,360.0,0.002777777777777778
2020-01-16,359.0,0.002785515320334262
2020-01-20,360.0,0.002777777777777778
2020-01-21,360.0,0.002777777777777778
2020-01-22,360.0,0.002777777777777778
2020-01-23,359.0,0.002785515320334262
2020-01-24,360.0,0.002777777777777778
2020-01-27,360.0,0.002777777777777778
2020-01-28,360.0,0.002777777777777778
2020-01-29,360.0,0.002777777777777778
2020-01-30,359.0,0.002785515320334262
2020-01-31,359.0,0.002785515320334262
2020-02-04,361.0,0.002770083102493075
2020-02-05,361.0,0.002770083102493075
2020-02-06,360.0,0.002777777777777778
2020-02-07,361.0,0.002770083102493075
2020-02-10,361.0,0.002770083102493075
2020-02-11,360.0,0.002777777777777778
2020-02-12,360.0,0.002777777777777778
2020-02-13,361.0,0.002770083102493075
2020-02-14,360.0,0.002777777777777778
2020-02-17,360.0,0.002777777777777778
2020-02-18,361.0,0.002770083102493075
2020-02-19,362.0,0.0027624309392265192
2020-02-20,362.0,0.0027624309392265192
2020-02-21,362.0,0.0027624309392265192
2020-02-24,361.0,0.002770083102493075
2020-02-25,363.0,0.0027548209366391185
2020-02-26,364.0,0.0027472527472527475
2020-02-27,364.0,0.0027472527472527475
2020-02-28,364.0,0.0027472527472527475
2020-03-02,363.0,0.0027548209366391185
2020-03-03,364.0,0.0027472527472527475
2020-03-04,363.0,0.0027548209366391185
2020-03-05,364.0,0.0027472527472527475
2020-03-06,363.0,0.0027548209366391185
2020-03-09,364.0,0.0027472527472527475
2020-03-10,365.0,0.0027397260273972603
2020-03-11,364.0,0.0027472527472527475
2020-03-12,365.0,0.0027397260273972603
2020-03-13,364.0,0.0027472527472527475
2020-03-16,365.0,0.0027397260273972603
2020-03-17,364.0,0.0027472527472527475
2020-03-18,365.0,0.0027397260273972603
2020-04-13,385.0,0.0025974025974025974
2020-04-14,383.0,0.0026109660574412533
2020-04-15,384.0,0.0026041666666666665
2020-04-16,384.0,0.0026041666666666665
2020-04-17,384.0,0.0026041666666666665
2020-04-20,387.0,0.002583979328165375
2020-04-21,387.0,0.002583979328165375
2020-04-22,388.0,0.002577319587628866
2020-04-23,388.0,0.002577319587628866
2020-04-24,388.0,0.002577319587628866
2020-04-27,388.0,0.002577319587628866
2020-04-28,387.0,0.002583979328165375
2020-04-29,388.0,0.002577319587628866
2020-04-30,388.0,0.002577319587628866
2020-05-01,387.0,0.002583979328165375
2020-05-04,388.0,0.002577319587628866
2020-05-06,387.0,0.002583979328165375
2020-05-07,387.0,0.002583979328165375
2020-05-08,388.0,0.002577319587628866
2020-05-11,387.0,0.002583979328165375
2020-05-12,388.0,0.002577319587628866
2020-05-13,388.0,0.002577319587628866
2020-05-14,387.0,0.002583979328165375
2020-05-15,384.0,0.0026041666666666665
2020-05-18,387.0,0.002583979328165375
2020-05-19,387.0,0.002583979328165375
2020-05-20,387.0,0.002583979328165375
2020-05-21,387.0,0.002583979328165375
2020-05-22,388.0,0.002577319587628866
2020-05-26,388.0,0.002577319587628866
2020-05-27,388.0,0.002577319587628866
2020-05-28,385.0,0.0025974025974025974
2020-05-29,384.0,0.0026041666666666665
2020-06-01,384.0,0.0026041666666666665
2020-06-02,384.0,0.0026041666666666665
2020-06-03,384.0,0.0026041666666666665
2020-06-04,385.0,0.0025974025974025974
2020-06-05,385.0,0.0025974025974025974
2020-06-08,384.0,0.0026041666666666665
2020-06-09,384.0,0.0026041666666666665
2020-06-10,384.0,0.0026041666666666665
2020-06-11,385.0,0.0025974025974025974
2020-06-12,384.0,0.0026041666666666665
2020-06-15,384.0,0.0026041666666666665
2020-06-16,384.0,0.0026041666666666665
2020-06-17,384.0,0.0026041666666666665
2020-06-18,384.0,0.0026041666666666665
2020-06-19,384.0,0.0026041666666666665
2020-06-22,385.0,0.0025974025974025974
2020-06-23,384.0,0.0026041666666666665
2020-06-24,385.0,0.0025974025974025974
2020-06-25,384.0,0.0026041666666666665
2020-06-26,384.0,0.0026041666666666665
2020-06-29,384.0,0.0026041666666666665
2020-06-30,385.0,0.0025974025974025974
2020-07-01,384.0,0.0026041666666666665
2020-07-02,385.0,0.0025974025974025974
2020-07-03,385.0,0.0025974025974025974
2020-07-06,384.0,0.0026041666666666665
2020-07-07,384.0,0.0026041666666666665
2020-07-08,384.0,0.0026041666666666665
2020-07-09,385.0,0.0025974025974025974
2020-07-10,384.0,0.0026041666666666665
2020-07-13,384.0,0.0026041666666666665
2020-07-14,383.0,0.0026109660574412533
2020-07-15,384.0,0.0026041666666666665
2020-07-16,384.0,0.0026041666666666665
2020-07-17,384.0,0.0026041666666666665
2020-07-20,385.0,0.0025974025974025974
2020-07-21,384.0,0.0026041666666666665
2020-07-22,385.0,0.0025974025974025974
2020-07-23,385.0,0.0025974025974025974
2020-07-24,384.0,0.0026041666666666665
2020-07-27,385.0,0.0025974025974025974
2020-07-28,385.0,0.0025974025974025974
2020-07-29,384.0,0.0026041666666666665
2020-07-30,385.0,0.0025974025974025974
2020-08-03,377.0,0.002652519893899204
2020-08-06,376.0,0.0026595744680851063
2020-08-07,375.0,0.0026666666666666666
2020-08-10,378.0,0.0026455026455026454
2020-08-13,377.0,0.002652519893899204
2020-08-17,378.0,0.0026455026455026454
2020-08-18,377.0,0.002652519893899204
2020-09-09,377.0,0.002652519893899204
2020-09-10,378.0,0.0026455026455026454
2020-09-11,377.0,0.002652519893899204
2020-09-21,377.0,0.002652519893899204
2020-09-22,377.0,0.002652519893899204
2020-09-24,377.0,0.002652519893899204
2020-09-25,377.0,0.002652519893899204
2020-09-28,376.0,0.0026595744680851063
2020-09-30,378.0,0.0026455026455026454
2020-10-01,378.0,0.0026455026455026454
2020-10-13,378.0,0.0026455026455026454
2020-10-14,377.0,0.002652519893899204
2020-10-15,376.0,0.0026595744680851063
2020-10-16,378.0,0.0026455026455026454
2020-10-19,377.0,0.002652519893899204
2020-10-20,376.0,0.0026595744680851063
2020-10-21,378.0,0.0026455026455026454
2020-10-22,377.0,0.002652519893899204
2020-10-23,377.0,0.002652519893899204
2020-10-26,377.0,0.002652519893899204
2020-10-27,379.0,0.002638522427440633
2020-10-28,377.0,0.002652519893899204
2020-10-29,378.0,0.0026455026455026454
2020-10-30,377.0,0.002652519893899204
2020-11-02,377.0,0.002652519893899204
2020-11-03,379.0,0.002638522427440633
2020-11-06,378.0,0.0026455026455026454
2020-11-09,378.0,0.0026455026455026454
2020-11-10,377.0,0.002652519893899204
2020-11-12,377.0,0.002652519893899204
2020-11-13,377.0,0.002652519893899204
2020-11-16,377.0,0.002652519893899204
2020-11-17,380.0,0.002631578947368421
2020-11-18,378.0,0.0026455026455026454
2020-11-19,379.0,0.002638522427440633
2020-11-20,378.0,0.0026455026455026454
2020-11-23,377.0,0.002652519893899204
2020-11-24,378.0,0.0026455026455026454
2020-11-25,377.0,0.002652519893899204
2020-11-26,378.0,0.0026455026455026454
2020-11-27,377.0,0.002652519893899204
2020-11-30,376.0,0.0026595744680851063
2020-12-01,378.0,0.0026455026455026454
2020-12-02,378.0,0.0026455026455026454
2020-12-03,378.0,0.0026455026455026454
2020-12-04,378.0,0.0026455026455026454
2020-12-07,378.0,0.0026455026455026454
2020-12-08,378.0,0.0026455026455026454
2020-12-09,377.0,0.002652519893899204
2020-12-10,377.0,0.002652519893899204
2020-12-11,376.0,0.0026595744680851063
2020-12-14,375.0,0.0026666666666666666
2020-12-15,376.0,0.0026595744680851063
2020-12-16,376.0,0.0026595744680851063
2020-12-17,375.0,0.0026666666666666666
2020-12-18,376.0,0.0026595744680851063
2020-12-21,375.0,0.0026666666666666666
2020-12-22,376.0,0.0026595744680851063
2020-12-23,380.0,0.002631578947368421
2020-12-24,376.0,0.0026595744680851063
2020-12-29,378.0,0.0026455026455026454
2021-01-08,378.0,0.0026455026455026454
2021-01-19,376.0,0.0026595744680851063
2021-01-22,378.0,0.0026455026455026454
2021-01-25,378.0,0.0026455026455026454
2021-01-26,378.0,0.0026455026455026454
2021-01-27,376.0,0.0026595744680851063
2021-02-01,376.0,0.0026595744680851063
2021-02-02,376.0,0.0026595744680851063
2021-02-03,376.0,0.0026595744680851063
2021-02-05,376.0,0.0026595744680851063
2021-02-09,376.0,0.0026595744680851063
2021-02-10,376.0,0.0026595744680851063
2021-02-11,376.0,0.0026595744680851063
2021-02-12,376.0,0.0026595744680851063
2021-02-16,376.0,0.0026595744680851063
2021-02-17,376.0,0.0026595744680851063
2021-02-18,376.0,0.0026595744680851063
2021-02-19,376.0,0.0026595744680851063
2021-02-22,376.0,0.0026595744680851063
2021-02-23,376.0,0.0026595744680851063
2021-02-24,376.0,0.0026595744680851063
2021-02-25,376.0,0.0026595744680851063
2021-03-02,376.0,0.0026595744680851063
2021-03-03,376.0,0.0026595744680851063
2021-03-04,376.0,0.0026595744680851063
2021-03-05,376.0,0.0026595744680851063
2021-03-09,377.0,0.002652519893899204
2021-03-10,378.0,0.0026455026455026454
2021-03-11,377.0,0.002652519893899204
2021-03-12,378.0,0.0026455026455026454
2021-03-15,377.0,0.002652519893899204
2021-03-16,376.0,0.0026595744680851063
2021-03-17,377.0,0.002652519893899204
2021-03-18,377.0,0.002652519893899204
2021-03-19,377.0,0.002652519893899204
2021-03-22,378.0,0.0026455026455026454
2021-03-23,379.0,0.002638522427440633
2021-03-24,379.0,0.002638522427440633
2021-03-25,380.0,0.002631578947368421
2021-03-26,378.0,0.0026455026455026454
2021-03-29,378.0,0.0026455026455026454
2021-03-30,379.0,0.002638522427440633
2021-03-31,379.0,0.002638522427440633
2021-04-01,379.0,0.002638522427440633
2021-04-02,379.0,0.002638522427440633
2021-04-12,377.0,0.002652519893899204
2021-04-13,379.0,0.002638522427440633
2021-04-14,377.0,0.002652519893899204
2021-04-15,378.0,0.0026455026455026454
2021-04-16,377.0,0.002652519893899204
2021-04-19,377.0,0.002652519893899204
2021-04-20,378.0,0.0026455026455026454
2021-04-21,377.0,0.002652519893899204
2021-04-22,378.0,0.0026455026455026454
2021-04-23,378.0,0.0026455026455026454
2021-04-26,378.0,0.0026455026455026454
2021-04-27,375.0,0.0026666666666666666
2021-04-28,376.0,0.0026595744680851063
2021-04-29,378.0,0.0026455026455026454
2021-04-30,377.0,0.002652519893899204
2021-05-03,377.0,0.002652519893899204
2021-05-04,377.0,0.002652519893899204
2021-05-05,377.0,0.002652519893899204
2021-05-06,378.0,0.0026455026455026454
2021-05-07,377.0,0.002652519893899204
2021-05-10,377.0,0.002652519893899204
2021-05-11,377.0,0.002652519893899204
2021-05-12,378.0,0.0026455026455026454
2021-05-13,377.0,0.002652519893899204
2021-05-14,376.0,0.0026595744680851063
2021-05-17,410.0,0.0024390243902439024
2021-05-18,410.0,0.0024390243902439024
2021-05-19,410.0,0.0024390243902439024
2021-05-20,410.0,0.0024390243902439024
2021-05-21,409.0,0.0024449877750611247
2021-05-24,410.0,0.0024390243902439024
2021-05-25,410.0,0.0024390243902439024
2021-05-26,409.0,0.0024449877750611247
2021-05-28,409.0,0.0024449877750611247
2021-06-01,409.0,0.0024449877750611247
2021-06-02,410.0,0.0024390243902439024
2021-06-04,408.0,0.0024509803921568627
2021-06-08,409.0,0.0024449877750611247
2021-06-09,410.0,0.0024390243902439024
2021-06-10,409.0,0.0024449877750611247
2021-06-14,409.0,0.0024449877750611247
2021-06-15,409.0,0.0024449877750611247
2021-06-16,410.0,0.0024390243902439024
2021-06-17,410.0,0.0024390243902439024
2021-06-18,410.0,0.0024390243902439024
2021-06-21,410.0,0.0024390243902439024
2021-06-22,410.0,0.0024390243902439024
2021-06-23,410.0,0.0024390243902439024
2021-06-24,410.0,0.0024390243902439024
2021-06-25,410.0,0.0024390243902439024
2021-06-28,410.0,0.0024390243902439024
2021-06-29,410.0,0.0024390243902439024
2021-06-30,410.0,0.0024390243902439024
2021-07-01,410.0,0.0024390243902439024
2021-07-02,410.0,0.0024390243902439024
2021-07-05,410.0,0.0024390243902439024
2021-07-06,410.0,0.0024390243902439024
2021-07-07,410.0,0.0024390243902439024
2021-07-08,410.0,0.0024390243902439024
2021-07-09,411.0,0.0024330900243309003
2021-07-12,409.0,0.0024449877750611247
2021-07-13,411.0,0.0024330900243309003
2021-07-14,411.0,0.0024330900243309003
2021-07-15,411.0,0.0024330900243309003
2021-07-16,411.0,0.0024330900243309003
2021-07-19,411.0,0.0024330900243309003
2021-07-20,411.0,0.0024330900243309003
2021-07-21,411.0,0.0024330900243309003
2021-07-22,411.0,0.0024330900243309003
2021-07-23,411.0,0.0024330900243309003
2021-07-26,411.0,0.0024330900243309003
2021-07-27,411.0,0.0024330900243309003
2021-07-28,411.0,0.0024330900243309003
2021-07-29,411.0,0.0024330900243309003
2021-07-30,411.0,0.0024330900243309003
2021-08-02,411.0,0.0024330900243309003
2021-08-03,411.0,0.0024330900243309003
2021-08-04,411.0,0.0024330900243309003
2021-08-05,411.0,0.0024330900243309003
2021-08-06,411.0,0.0024330900243309003
2021-08-09,411.0,0.0024330900243309003
2021-08-10,411.0,0.0024330900243309003
2021-08-11,411.0,0.0024330900243309003
2021-08-12,411.0,0.0024330900243309003
2021-08-13,411.0,0.0024330900243309003
2021-08-16,411.0,0.0024330900243309003
2021-08-17,411.2,0.0024319066147859923
2021-08-18,411.4,0.0024307243558580457
2021-08-19,411.3,0.0024313153415998056
2021-08-20,411.2,0.0024319066147859923
2021-08-23,411.05,0.0024327940639824836
2021-08-24,411.0,0.0024330900243309003
2021-08-25,411.05,0.0024327940639824836
2021-08-26,411.0,0.0024330900243309003
2021-08-27,411.0,0.0024330900243309003
2021-08-30,411.0,0.0024330900243309003
2021-08-31,411.0,0.0024330900243309003
2021-09-01,411.0,0.0024330900243309003
2021-09-02,411.0,0.0024330900243309003
2021-09-03,411.02,0.0024329716315507764
2021-09-06,411.02,0.0024329716315507764
2021-09-07,411.0,0.0024330900243309003
2021-09-08,410.8,0.00243427458617332
2021-09-09,410.9,0.002433682161109759
2021-09-10,410.925,0.0024335340998965747
2021-09-13,411.0,0.0024330900243309003
2021-09-14,411.0,0.0024330900243309003
2021-09-15,411.0,0.0024330900243309003
2021-09-16,411.0,0.0024330900243309003
2021-09-17,411.0,0.0024330900243309003
2021-09-20,411.0,0.0024330900243309003
2021-09-21,411.0,0.0024330900243309003
2021-09-22,411.0,0.0024330900243309003
2021-09-23,411.0,0.0024330900243309003
2021-09-24,411.0,0.0024330900243309003
2021-09-27,411.0,0.0024330900243309003
2021-09-28,408.76,0.0024464233290928663
2021-09-29,408.76,0.0024464233290928663
2021-09-30,409.8,0.002440214738897023
2021-10-01,409.77,0.002440393391414696
2021-10-04,409.77,0.002440393391414696
2021-10-05,409.77,0.002440393391414696
2021-10-06,409.77,0.002440393391414696
2021-10-07,409.81,0.0024401551938703302
2021-10-08,409.81,0.0024401551938703302
2021-10-11,409.77,0.002440393391414696
2021-10-12,409.87,0.0024397979847268648
2021-10-13,409.82,0.0024400956517495486
2021-10-14,409.85,0.0024399170428205438
2021-10-15,409.91,0.0024395599033934278
2021-10-18,409.91,0.0024395599033934278
2021-10-19,409.89,0.002439678938251726
2021-10-20,409.82,0.0024400956517495486
2021-10-21,409.88,0.002439738460037084
2021-10-22,409.91,0.0024395599033934278
2021-10-25,409.96,0.002439262367060201
2021-10-26,409.99,0.0024390838800946364
2021-10-27,410.02,0.0024389054192478416
2021-10-28,410.0,0.0024390243902439024
2021-10-29,410.06,0.002438667512071404
2021-11-01,410.05,0.0024387269845140835
2021-11-02,410.17,0.0024380135065948266
2021-11-03,410.21,0.002437775773384364
2021-11-04,410.24,0.002437597503900156
2021-11-05,410.27,0.0024374192604869967
2021-11-08,410.29,0.0024373004460259817
2021-11-09,410.32,0.002437122246051862
2021-11-10,410.34,0.002437003460544914
2021-11-11,410.37,0.002436825303993957
2021-11-12,410.39,0.002436706547430493
2021-11-15,410.42,0.002436528434286828
2021-11-16,410.43,0.0024364690690251685
2021-11-17,410.43,0.0024364690690251685
2021-11-18,410.57,0.0024356382590057725
2021-11-19,410.59,0.002435519618110524
2021-11-22,410.59,0.002435519618110524
2021-11-23,409.63,0.0024412274491614383
2021-11-24,409.63,0.0024412274491614383
2021-11-25,409.63,0.0024412274491614383
2021-11-26,409.64,0.0024411678547016894
2021-11-29,409.64,0.0024411678547016894
2021-11-30,409.64,0.0024411678547016894
2021-12-01,409.66,0.0024410486745105697
2021-12-02,409.7,0.00244081034903588
2021-12-03,409.73,0.0024406316354672586
2021-12-06,409.74,0.0024405720700932296
2021-12-07,409.74,0.0024405720700932296
2021-12-08,409.74,0.0024405720700932296
2021-12-09,409.74,0.0024405720700932296
2021-12-10,409.72,0.0024406912037489015
2021-12-13,409.95,0.0024393218685205514
2021-12-14,409.72,0.0024406912037489015
2021-12-15,409.73,0.0024406316354672586
2021-12-16,409.83,0.0024400361125344657
2021-12-17,409.91,0.0024395599033934278
2021-12-20,409.91,0.0024395599033934278
2021-12-21,410.91,0.002433622934462534
2021-12-22,410.92,0.002433563710697946
2021-12-23,410.93,0.002433504489815784
2021-12-24,410.93,0.002433504489815784
2021-12-27,410.95,0.002433386056697895
2021-12-28,410.95,0.002433386056697895
2021-12-29,410.95,0.002433386056697895
2021-12-30,411.0,0.0024330900243309003
2021-12-31,411.7,0.002428953121204761
2022-01-03,412.49,0.002424301195180489
2022-01-04,412.49,0.002424301195180489
2022-01-05,412.55,0.0024239486122894192
2022-01-06,412.79,0.0024225393057002347
2022-01-07,412.96,0.0024215420379697793
2022-01-10,413.14,0.0024204870019847993
2022-01-11,413.1,0.002420721374969741
2022-01-12,413.44,0.002418730650154799
2022-01-13,413.6,0.00241779497098646
2022-01-14,413.79,0.002416684791802605
2022-01-17,413.79,0.002416684791802605
2022-01-18,414.0,0.0024154589371980675
2022-01-19,414.17,0.002414467489195258
2022-01-20,414.45,0.0024128362890577875
2022-01-21,414.45,0.0024128362890577875
2022-01-24,414.53,0.002412370636624611
2022-01-25,414.53,0.002412370636624611
2022-01-26,414.82,0.0024106841521623836
2022-01-27,414.99,0.0024096966191956433
2022-01-28,415.16,0.0024087098949802485
2022-01-31,415.33,0.002407723978523102
2022-02-01,414.26,0.002413942934389031
2022-02-02,415.33,0.002407723978523102
2022-02-03,415.54,0.0024065071954565143
2022-02-04,415.7,0.0024055809477988937
2022-02-07,415.88,0.0024045397710878136
2022-02-08,416.05,0.0024035572647518326
2022-02-09,416.25,0.0024024024024024023
2022-02-10,416.37,0.002401710017532483
2022-02-11,416.51,0.002400902739430026
2022-02-14,415.91,0.002404366329253925
2022-02-15,415.31,0.0024078399268016664
2022-02-16,415.31,0.0024078399268016664
2022-02-17,415.37,0.002407492115463322
2022-02-18,415.37,0.002407492115463322
2022-02-21,415.37,0.002407492115463322
2022-02-22,415.39,0.0024073762006788803
2022-02-23,415.39,0.0024073762006788803
2022-02-24,415.39,0.0024073762006788803
2022-02-25,415.39,0.0024073762006788803
2022-02-28,415.52,0.0024066230265691185
2022-03-01,415.59,0.0024062176664501073
2022-03-02,415.59,0.0024062176664501073
2022-03-03,415.46,0.002406970586819429
2022-03-04,415.41,0.0024072602970559207
2022-03-07,415.27,0.002408071856864209
2022-03-08,415.34,0.002407666008571291
2022-03-09,415.34,0.002407666008571291
2022-03-10,415.34,0.002407666008571291
2022-03-11,415.34,0.002407666008571291
2022-03-14,415.3,0.0024078979051288226
2022-03-15,415.45,0.002407028523288001
2022-03-16,415.42,0.002407202349429493
2022-03-17,415.42,0.002407202349429493
2022-03-18,415.42,0.002407202349429493
2022-03-21,415.39,0.0024073762006788803
2022-03-22,415.32,0.0024077819512664934
2022-03-23,415.25,0.002408187838651415
2022-03-24,415.25,0.002408187838651415
2022-03-25,415.25,0.002408187838651415
2022-03-28,415.23,0.002408303831611396
2022-03-29,415.253,0.002408170440671109
2022-03-30,415.25,0.002408187838651415
2022-03-31,415.25,0.002408187838651415
2022-04-01,415.22,0.002408361832281682
2022-04-04,415.22,0.002408361832281682
2022-04-05,415.22,0.002408361832281682
2022-04-06,415.22,0.002408361832281682
2022-04-07,415.15,0.0024087679152113694
2022-04-08,415.15,0.0024087679152113694
2022-04-11,415.12,0.002408941992676816
2022-04-12,414.09,0.002414933951556425
2022-04-13,414.08,0.0024149922720247295
2022-04-14,414.03,0.0024152839166243995
2022-04-15,414.02,0.0024153422539973917
2022-04-18,414.0,0.0024154589371980675
2022-04-19,414.0,0.0024154589371980675
2022-04-20,415.0,0.0024096385542168677
2022-04-21,415.08,0.0024091741351064855
2022-04-22,415.08,0.0024091741351064855
2022-04-25,414.08,0.0024149922720247295
2022-04-26,414.98,0.0024097546869728662
2022-04-27,414.92,0.0024101031524149234
2022-04-28,414.83,0.0024106260395824796
2022-04-29,414.76,0.002411032886488572
2022-05-02,414.69,0.0024114398707468228
2022-05-03,414.69,0.0024114398707468228
2022-05-04,414.69,0.0024114398707468228
2022-05-05,414.62,0.0024118469924268005
2022-05-06,414.69,0.0024114398707468228
2022-05-09,414.8,0.0024108003857280617
2022-05-10,413.83,0.0024164511997680207
2022-05-11,413.83,0.0024164511997680207
2022-05-12,414.83,0.0024106260395824796
2022-05-13,414.76,0.002411032886488572
2022-05-16,414.75,0.0024110910186859553
2022-05-17,414.75,0.0024110910186859553
2022-05-18,414.68,0.0024114980225716214
2022-05-19,414.62,0.0024118469924268005
2022-05-20,414.62,0.0024118469924268005
2022-05-23,414.58,0.0024120796951131265
2022-05-24,414.68,0.0024114980225716214
2022-05-25,414.68,0.0024114980225716214
2022-05-26,414.72,0.0024112654320987653
2022-05-27,414.72,0.0024112654320987653
2022-05-30,414.72,0.0024112654320987653
2022-05-31,414.7,0.0024113817217265494
2022-06-01,414.65,0.002411672494875196
2022-06-02,414.58,0.0024120796951131265
2022-06-03,414.62,0.0024118469924268005
2022-06-06,414.62,0.0024118469924268005
2022-06-07,414.63,0.0024117888237705906
2022-06-08,414.63,0.0024117888237705906
2022-06-09,414.63,0.0024117888237705906
2022-06-10,414.63,0.0024117888237705906
2022-06-13,414.63,0.0024117888237705906
2022-06-14,414.63,0.0024117888237705906
2022-06-15,414.72,0.0024112654320987653
2022-06-16,414.79,0.002410858506714241
2022-06-17,414.87,0.0024103936172777014
2022-06-20,414.87,0.0024103936172777014
2022-06-21,414.75,0.0024110910186859553
2022-06-22,414.64,0.0024117306579201237
2022-06-23,414.59,0.002412021515231916
2022-06-24,414.49,0.002412603440372506
2022-06-27,414.5,0.0024125452352231603
2022-06-28,414.64,0.0024117306579201237
2022-06-29,414.6,0.00241196333815726
2022-06-30,414.77,0.0024109747570942933
2022-07-01,414.77,0.0024109747570942933
2022-07-04,414.77,0.0024109747570942933
2022-07-05,414.8,0.0024108003857280617
2022-07-06,414.82,0.0024106841521623836
2022-07-07,414.82,0.0024106841521623836
2022-07-08,414.8,0.0024108003857280617
2022-07-11,414.83,0.0024106260395824796
2022-07-12,414.82,0.0024106841521623836
2022-07-13,414.82,0.0024106841521623836
2022-07-14,414.83,0.0024106260395824796
2022-07-15,414.9,0.0024102193299590266
2022-07-18,414.9,0.0024102193299590266
2022-07-19,414.9,0.0024102193299590266
2022-07-20,414.9,0.0024102193299590266
2022-07-21,414.9,0.0024102193299590266
2022-07-22,414.22,0.002414176041716962
2022-07-25,414.75,0.0024110910186859553
2022-07-26,414.75,0.0024110910186859553
2022-07-27,415.14,0.002408825938237703
2022-07-28,414.96,0.0024098708309234626
2022-07-29,415.37,0.002407492115463322
2022-08-01,415.68,0.002405696689761355
2022-08-02,415.9,0.00240442414041837
2022-08-03,416.19,0.002402748744563781
2022-08-04,416.69,0.0023998656075259785
2022-08-05,417.07,0.002397679046682811
2022-08-08,417.47,0.002395381704074544
2022-08-09,417.47,0.002395381704074544
2022-08-10,418.19,0.002391257562352041
2022-08-11,418.37,0.002390228744890886
2022-08-12,418.72,0.0023882307986243787
2022-08-15,418.89,0.0023872615722504717
2022-08-16,418.89,0.0023872615722504717
2022-08-17,419.96,0.0023811791599199924
2022-08-18,419.83,0.0023819164900078602
2022-08-19,419.83,0.0023819164900078602
2022-08-22,420.4,0.002378686964795433
2022-08-23,420.71,0.0023769342302298498
2022-08-24,421.08,0.002374845635033723
2022-08-25,421.39,0.00237309855478298
2022-08-26,421.7,0.0023713540431586438
2022-08-29,421.7,0.0023713540431586438
2022-08-30,422.38,0.0023675363416828447
2022-08-31,421.38,0.0023731548720869523
2022-09-01,422.46,0.00236708800833215
2022-09-02,422.92,0.0023645133831457486
2022-09-05,422.92,0.0023645133831457486
2022-09-06,425.28,0.0023513920240782545
2022-09-07,425.61,0.0023495688541152696
2022-09-08,426.43,0.002345050770349178
2022-09-09,426.76,0.002343237416815072
2022-09-12,427.1,0.002341372044017794
2022-09-13,427.51,0.00233912657013871
2022-09-14,427.81,0.00233748626726818
2022-09-15,428.11,0.002335848263296816
2022-09-16,428.38,0.002334376021289509
2022-09-19,428.68,0.0023327423719324437
2022-09-20,429.01,0.002330947996550197
2022-09-21,429.37,0.002328993641847358
2022-09-22,429.71,0.0023271508691908496
2022-09-23,430.05,0.002325311010347634
2022-09-26,430.48,0.0023229882921390077
2022-09-27,430.83,0.0023211011303762505
2022-09-28,430.83,0.0023211011303762505
2022-09-29,431.54,0.0023172822913287297
2022-09-30,431.87,0.0023155116122907356
2022-10-03,431.85,0.002315618849137432
2022-10-04,431.87,0.0023155116122907356
2022-10-05,431.87,0.0023155116122907356
2022-10-06,432.9,0.00231000231000231
2022-10-07,433.22,0.0023082960158810764
2022-10-10,433.78,0.002305316058831666
2022-10-11,433.78,0.002305316058831666
2022-10-12,434.27,0.0023027149008681236
2022-10-13,434.7,0.002300437083045779
2022-10-14,434.68,0.002300542928131039
2022-10-17,435.06,0.0022985335356042846
2022-10-18,435.85,0.002294367328209246
2022-10-19,435.98,0.0022936831964769024
2022-10-20,436.11,0.002292999472610121
2022-10-21,436.11,0.002292999472610121
2022-10-24,436.5,0.002290950744558992
2022-10-25,436.68,0.0022900064120179534
2022-10-26,436.55,0.0022906883518497307
2022-10-27,437.16,0.0022874919937780217
2022-10-28,437.5,0.002285714285714286
2022-10-31,437.85,0.0022838871759735067
2022-11-01,438.02,0.002283000776220264
2022-11-02,438.37,0.002281178000319365
2022-11-03,438.67,0.002279617936033921
2022-11-04,438.88,0.0022785271600437476
2022-11-07,439.26,0.002276556026043801
2022-11-08,439.53,0.0022751575546606606
2022-11-09,439.79,0.0022738125014211325
2022-11-10,440.13,0.0022720559834594326
2022-11-11,440.46,0.002270353721109749
2022-11-14,440.83,0.0022684481546174262
2022-11-15,441.19,0.002266597157687164
2022-11-16,441.19,0.002266597157687164
2022-11-17,441.85,0.0022632114971144054
2022-11-18,442.16,0.0022616247512212773
2022-11-21,442.49,0.002259938077696671
2022-11-22,442.63,0.0022592232790366673
2022-11-23,442.8,0.002258355916892502
2022-11-24,442.95,0.0022575911502426913
2022-11-25,442.76,0.0022585599421808657
2022-11-28,443.37,0.002255452556555473
2022-11-29,443.44,0.002255096518130976
2022-11-30,443.44,0.002255096518130976
2022-12-01,443.45,0.0022550456646747096
2022-12-02,443.67,0.00225392746861406
2022-12-05,444.04,0.002252049364922079
2022-12-06,444.31,0.002250680830951363
2022-12-07,444.31,0.002250680830951363
2022-12-08,444.47,0.0022498706324386346
2022-12-09,444.47,0.0022498706324386346
2022-12-12,444.65,0.0022489598560665692
2022-12-13,444.81,0.002248150895888132
2022-12-14,444.96,0.0022473930240920533
2022-12-15,444.96,0.0022473930240920533
2022-12-16,444.97,0.002247342517473088
2022-12-19,445.46,0.002244870470973825
2022-12-20,445.46,0.002244870470973825
2022-12-21,445.46,0.002244870470973825
2022-12-22,446.13,0.0022414991146078498
2022-12-23,446.11,0.0022415996054784694
2022-12-26,446.13,0.0022414991146078498
2022-12-27,446.11,0.0022415996054784694
2022-12-28,446.12,0.0022415493589168834
2022-12-29,447.06,0.0022368362188520557
2022-12-30,447.56,0.0022343372955581373
2023-01-02,447.56,0.0022343372955581373
2023-01-03,448.03,0.002231993393299556
2023-01-04,448.49,0.0022297041182635065
2023-01-05,449.01,0.0022271218903810604
2023-01-06,449.53,0.002224545636553734
2023-01-09,449.53,0.002224545636553734
2023-01-10,449.56,0.002224397188361954
2023-01-11,451.08,0.0022169016582424404
2023-01-12,451.61,0.002214299949071101
2023-01-13,452.07,0.0022120468069104344
2023-01-16,452.1,0.002211900022119
2023-01-17,453.06,0.0022072131726482143
2023-01-18,453.06,0.0022072131726482143
2023-01-19,453.06,0.0022072131726482143
2023-01-20,454.54,0.002200026400316804
2023-01-23,454.54,0.002200026400316804
2023-01-24,459.29,0.002177273617975571
2023-01-25,459.45,0.0021765153988464467
2023-01-26,459.76,0.0021750478510527234
2023-01-27,459.76,0.0021750478510527234
2023-01-30,459.89,0.002174433016590924
2023-01-31,460.0,0.002173913043478261
2023-02-01,460.0,0.002173913043478261
2023-02-02,460.02,0.0021738185296291466
2023-02-03,460.02,0.0021738185296291466
2023-02-06,459.18,0.0021777952001393788
2023-02-07,459.9,0.002174385736029572
2023-02-08,459.9,0.002174385736029572
2023-02-09,459.95,0.0021741493640613113
2023-02-10,458.97,0.0021787916421552606
2023-02-13,460.0,0.002173913043478261
2023-02-14,460.04,0.002173724023997913
2023-02-15,460.04,0.002173724023997913
2023-02-16,460.03,0.0021737712757863618
2023-02-17,460.02,0.0021738185296291466
2023-02-20,460.03,0.0021737712757863618
2023-02-21,459.95,0.0021741493640613113
2023-02-22,459.95,0.0021741493640613113
2023-02-23,459.92,0.0021742911810749693
2023-02-24,459.92,0.0021742911810749693
2023-02-27,459.93,0.0021742439066814515
2023-02-28,459.95,0.0021741493640613113
2023-03-01,459.95,0.0021741493640613113
2023-03-02,459.95,0.0021741493640613113
2023-03-03,459.94,0.00217419663434361
2023-03-06,459.94,0.00217419663434361
2023-03-07,459.94,0.00217419663434361
2023-03-08,459.97,0.002174054829662804
2023-03-09,460.0,0.002173913043478261
2023-03-10,460.0,0.002173913043478261
2023-03-13,460.0,0.002173913043478261
2023-03-14,460.01,0.002173865785526402
2023-03-15,460.02,0.0021738185296291466
2023-03-16,459.92,0.0021742911810749693
2023-03-17,459.92,0.0021742911810749693
2023-03-20,459.87,0.0021745275838824015
2023-03-21,459.9,0.002174385736029572
2023-03-22,459.93,0.0021742439066814515
2023-03-23,459.96,0.0021741020958344205
2023-03-24,459.96,0.0021741020958344205
2023-03-27,459.88,0.002174480299208489
2023-03-28,459.83,0.0021747167431442056
2023-03-29,459.8,0.002174858634188778
2023-03-30,459.83,0.0021747167431442056
2023-03-31,459.82,0.002174764038101866
2023-04-03,459.81,0.0021748113351166788
2023-04-04,459.81,0.0021748113351166788
2023-04-05,459.84,0.002174669450243563
2023-04-06,459.81,0.0021748113351166788
2023-04-07,459.81,0.0021748113351166788
2023-04-10,459.81,0.0021748113351166788
2023-04-11,459.81,0.0021748113351166788
2023-04-12,459.81,0.0021748113351166788
2023-04-13,459.91,0.002174338457524298
2023-04-14,459.91,0.002174338457524298
2023-04-17,459.9,0.002174385736029572
2023-04-18,459.89,0.002174433016590924
2023-04-19,460.01,0.002173865785526402
2023-04-20,460.01,0.002173865785526402
2023-04-21,460.01,0.002173865785526402
2023-04-24,460.01,0.002173865785526402
2023-04-25,460.01,0.002173865785526402
2023-04-26,459.95,0.0021741493640613113
2023-04-27,459.95,0.0021741493640613113
2023-04-28,459.95,0.0021741493640613113
2023-05-01,459.85,0.0021746221593998043
2023-05-02,459.79,0.002174905935318297
2023-05-03,459.83,0.0021747167431442056
2023-05-04,459.82,0.002174764038101866
2023-05-05,459.85,0.0021746221593998043
2023-05-08,459.98,0.002174007565546328
2023-05-09,459.92,0.0021742911810749693
2023-05-10,460.04,0.002173724023997913
2023-05-11,460.05,0.002173676774263667
2023-05-12,460.01,0.002173865785526402
2023-05-15,460.01,0.002173865785526402
2023-05-16,460.05,0.002173676774263667
2023-05-17,460.18,0.002173062714589943
2023-05-18,460.34,0.0021723074249467788
2023-05-19,460.32,0.0021724018074383037
2023-05-22,460.29,0.002172543396554346
2023-05-23,460.26,0.0021726850041281017
2023-05-24,460.26,0.0021726850041281017
2023-05-25,460.29,0.002172543396554346
2023-05-26,460.28,0.002172590597027896
2023-05-29,460.23,0.002172826630163179
2023-05-30,460.43,0.002171882805203831
2023-05-31,460.58,0.002171175474401841
2023-06-01,460.74,0.0021704214958544947
2023-06-02,460.92,0.0021695738956868872
2023-06-05,461.05,0.002168962151610454
2023-06-06,461.18,0.002168350752417711
2023-06-07,461.18,0.002168350752417711
2023-06-08,461.67,0.0021660493426040243
2023-06-09,461.9,0.002164970772894566
2023-06-12,461.9,0.002164970772894566
2023-06-13,462.38,0.002162723301180847
2023-06-14,610.2,0.0016388069485414618
2023-06-15,610.5,0.001638001638001638
2023-06-16,655.0,0.0015267175572519084
2023-06-19,650.0,0.0015384615384615385
2023-06-20,689.0,0.001451378809869376
2023-06-21,745.0,0.0013422818791946308
2023-06-22,810.0,0.0012345679012345679
2023-06-23,760.0,0.0013157894736842105
2023-06-26,760.0,0.0013157894736842105
2023-06-27,763.05,0.0013105301094292641
2023-06-28,752.95,0.0013281094362175444
2023-06-29,752.94,0.001328127075198555
2023-06-30,758.77,0.0013179224270859417
2023-07-03,769.88,0.0012989037252558841
2023-07-04,769.88,0.0012989037252558841
2023-07-05,772.0,0.0012953367875647669
2023-07-06,774.0,0.0012919896640826874
2023-07-07,767.0,0.001303780964797914
2023-07-10,786.15,0.001272021878776315
2023-07-11,746.0,0.0013404825737265416
2023-07-12,775.0,0.0012903225806451613
2023-07-13,776.0,0.001288659793814433
2023-07-14,775.0,0.0012903225806451613
2023-07-17,774.673,0.001290867243340093
2023-07-18,771.811,0.0012956539878286263
2023-07-19,781.309,0.001279903341699635
2023-07-20,789.51,0.0012666084026801434
2023-07-21,774.5,0.0012911555842479018
2023-07-24,791.82,0.0012629132883736202
2023-07-25,791.82,0.0012629132883736202
2023-07-26,787.92,0.0012691643821707789
2023-07-27,774.0,0.0012919896640826874
2023-07-28,774.277,0.0012915274507702024
2023-07-31,758.896,0.0013177036115620587
2023-08-01,757.022,0.0013209655729952364
2023-08-02,774.855,0.0012905640410141252
2023-08-03,740.665,0.0013501380516157777
2023-08-04,765.949,0.0013055699530908718
2023-08-07,749.615,0.0013340181293063772
2023-08-08,761.444,0.0013132942146763256
2023-08-09,767.767,0.0013024784863116022
2023-08-10,767.767,0.0013024784863116022
2023-08-11,767.767,0.0013024784863116022
2023-08-14,764.9,0.0013073604392731077
2023-08-15,759.0,0.0013175230566534915
2023-08-16,784.392,0.0012748727676977836
2023-08-17,766.467,0.0013046876121215916
2023-08-18,744.931,0.0013424062094341623
2023-08-21,743.635,0.0013447457421987938
2023-08-22,760.79,0.001314423165393867
2023-08-23,755.27,0.0013240298171514823
2023-08-24,754.212,0.0013258871510927962
2023-08-25,770.836,0.0012972928093654163
2023-08-28,773.88,0.001292190003618132
2023-08-29,771.95,0.0012954206878683851
2023-08-30,772.98,0.0012936945328469042
2023-08-31,772.98,0.0012936945328469042
2023-09-01,756.5,0.0013218770654329147
2023-09-04,756.5,0.0013218770654329147
2023-09-05,760.51,0.001314907101813257
2023-09-06,753.84,0.0013265414411546216
2023-09-07,784.532,0.0012746452662224103
2023-09-08,747.855,0.001337157604081005
2023-09-11,737.543,0.001355853150257002
2023-09-12,770.325,0.0012981533768214714
2023-09-13,746.179,0.0013401610069433741
2023-09-14,768.192,0.0013017578938598685
2023-09-15,768.192,0.0013017578938598685
2023-09-18,767.736,0.0013025310783915305
2023-09-19,775.332,0.00128977005979374
2023-09-20,770.271,0.0012982443841193555
2023-09-21,767.434,0.001303043649356166
2023-09-22,737.22,0.0013564471935107567
2023-09-25,779.05,0.0012836146588794046
2023-09-26,779.05,0.0012836146588794046
2023-09-27,777.602,0.0012860049228268446
2023-09-28,777.602,0.0012860049228268446
2023-09-29,769.05,0.0013003055718093753
2023-10-02,766.465,0.0013046910165500055
2023-10-03,766.45,0.001304716550329441
2023-10-04,746.605,0.0013393963340722337
2023-10-05,761.543,0.001313123487445883
2023-10-06,771.54,0.0012961090805402183
2023-10-09,758.708,0.0013180301248965347
2023-10-10,763.032,0.0013105610249635664
2023-10-11,759.493,0.0013166678297232494
2023-10-12,768.099,0.001301915508287343
2023-10-13,769.508,0.0012995316487937746
2023-10-16,764.926,0.0013073160018093252
2023-10-17,764.241,0.0013084877676021046
2023-10-18,774.436,0.0012912622863606546
2023-10-19,774.436,0.0012912622863606546
2023-10-24,794.926,0.0012579787300956314
2023-10-25,794.926,0.0012579787300956314
2023-10-26,802.2,0.0012465719272001994
2023-10-27,790.0,0.0012658227848101266
2023-10-30,785.98,0.00127229700501285
2023-10-31,908.928,0.0011001971553302352
2023-11-01,787.0,0.0012706480304955528
2023-11-02,815.01,0.00122697881007595
2023-11-03,806.27,0.0012402793109008148
2023-11-06,799.2,0.0012512512512512512
2023-11-07,786.09,0.0012721189685659402
2023-11-08,802.8,0.001245640259093174
2023-11-09,802.8,0.001245640259093174
2023-11-14,844.942,0.0011835131878874525
2023-11-15,843.081,0.0011861256510347167
2023-11-16,826.835,0.0012094311440613906
2023-11-17,839.542,0.0011911256375499975
2023-11-20,819.683,0.0012199838230145068
2023-11-21,816.099,0.0012253415333188743
2023-11-22,803.893,0.001243946644640518
2023-11-23,803.893,0.001243946644640518
2023-11-24,837.489,0.0011940455337323833
2023-11-27,799.0,0.0012515644555694619
2023-11-28,789.0,0.0012674271229404308
2023-11-29,793.0,0.0012610340479192938
2023-11-30,790.0,0.0012658227848101266
2023-12-01,788.0,0.0012690355329949238
2023-12-04,798.0,0.0012531328320802004
2023-12-05,801.0,0.0012484394506866417
2023-12-06,801.0,0.0012484394506866417
2023-12-07,800.0,0.00125
2023-12-08,790.0,0.0012658227848101266
2023-12-11,790.0,0.0012658227848101266
2023-12-12,801.45,0.0012477384740158463
2023-12-13,802.0,0.0012468827930174563
2023-12-14,790.0,0.0012658227848101266
2023-12-15,789.0,0.0012674271229404308
2023-12-18,789.0,0.0012674271229404308
2023-12-19,824.0,0.0012135922330097086
2023-12-20,824.0,0.0012135922330097086
2023-12-21,824.0,0.0012135922330097086
2023-12-22,905.394,0.0011044915252365268
2023-12-26,904.1,0.0011060723371308482
2023-12-27,884.0,0.0011312217194570137
2023-12-28,895.608,0.0011165599235379766
2023-12-29,881.031,0.0011350338410339705
2024-01-01,881.031,0.0011350338410339705
2024-01-02,883.8,0.0011314777098891152
2024-01-03,890.9,0.0011224604332697272
2024-01-04,911.435,0.001097170944719042
2024-01-05,913.43,0.0010947746406402242
2024-01-08,884.2,0.001130965844831486
2024-01-09,853.95,0.001171028748755782
2024-01-10,950.49,0.0010520889225557343
2024-01-11,957.05,0.0010448774881145187
2024-01-12,957.05,0.0010448774881145187
2024-01-15,864.992,0.001156080056231734
2024-01-16,852.771,0.0011726477565489446
2024-01-17,858.055,0.0011654264586768914
2024-01-18,894.52,0.0011179179895362877
2024-01-19,890.04,0.0011235450092130692
2024-01-22,890.013,0.0011235790937885177
2024-01-23,913.56,0.0010946188537151365
2024-01-24,899.265,0.0011120192601735861
2024-01-25,886.388,0.0011281741178806573
2024-01-26,898.2,0.00111333778668448
2024-01-29,891.05,0.0011222714774704002
2024-01-30,888.92,0.0011249606263780767
2024-01-31,1191.94,0.0008389684044498883
2024-02-01,1191.94,0.0008389684044498883
2024-02-02,1413.12,0.0007076539855072465
2024-02-05,1420.02,0.0007042154335854425
2024-02-06,1407.0,0.0007107320540156361
2024-02-07,1417.13,0.0007056515633710386
2024-02-08,1444.06,0.0006924920017173802
2024-02-09,1473.615,0.0006786032986906349
2024-02-12,1480.98,0.0006752285648692082
2024-02-13,1514.592,0.0006602438148359426
2024-02-14,1514.592,0.0006602438148359426
2024-02-15,1516.204,0.0006595418558452557
2024-02-16,1492.73,0.0006699135141653213
2024-02-19,1492.73,0.0006699135141653213
2024-02-20,1605.3,0.00062293652276833
2024-02-21,1605.32,0.000622928761866793
2024-02-22,1605.32,0.000622928761866793
2024-02-23,1488.396,0.0006718642081811561
2024-02-26,1505.851,0.0006640763262766369
2024-02-27,1578.08,0.0006336814356686606
2024-02-28,1629.659,0.0006136253044348541
2024-02-29,1616.545,0.0006186032557089347
2024-03-01,1543.58,0.0006478446209461123
2024-03-04,1543.58,0.0006478446209461123
2024-03-05,1560.01,0.000641021531913257
2024-03-06,1590.169,0.0006288639760931071
2024-03-07,1589.14,0.0006292711781214997
2024-03-08,1593.34,0.000627612436768047
2024-03-11,1624.232,0.0006156755931418665
2024-03-12,1611.781,0.0006204316839570637
2024-03-13,1592.91,0.000627781858359857
2024-03-14,1590.5,0.0006287331027978623
2024-03-15,1609.74,0.0006212183333954551
2024-03-18,1572.007,0.0006361294828839821
2024-03-19,1476.247,0.0006773934172262501
2024-03-20,1561.188,0.0006405378468192171
2024-03-21,1409.94,0.0007092500390087521
2024-03-22,1447.886,0.0006906621101385054
2024-03-25,1447.886,0.0006906621101385054
2024-03-26,1404.966,0.0007117609963515132
2024-03-27,1415.134,0.0007066468617106225
2024-03-28,1415.134,0.0007066468617106225
2024-03-29,1303.342,0.0007672583251364569
2024-04-02,1280.0,0.00078125
2024-04-03,1280.0,0.00078125
2024-04-04,1259.99,0.0007936570925166072
2024-04-05,1244.5,0.0008035355564483728
2024-04-08,1230.0,0.0008130081300813008
2024-04-09,1246.165,0.0008024619532726405
2024-04-10,1246.165,0.0008024619532726405
2024-04-11,1246.165,0.0008024619532726405
2024-04-15,1150.0,0.0008695652173913044
2024-04-16,1138.133,0.0008786319349320334
2024-04-18,1147.529,0.0008714376717276861
2024-04-22,1230.0,0.0008130081300813008
2024-04-23,1230.0,0.0008130081300813008
2024-04-24,1251.05,0.0007993285640062348
2024-04-25,1277.026,0.0007830694128388928
2024-04-26,1329.44,0.0007521964135275002
2024-04-29,1355.0,0.0007380073800738007
2024-04-30,1389.0,0.0007199424046076314
2024-05-01,1389.52,0.0007196729805976164
2024-05-02,1349.9,0.0007407956144899622
2024-05-03,1379.0,0.0007251631617113851
2024-05-06,1380.0,0.0007246376811594203
2024-05-07,1382.9,0.0007231180851833104
2024-05-08,1404.8,0.0007118451025056948
2024-05-09,1429.05,0.0006997655785311921
2024-05-10,1439.8,0.0006945409084595083
2024-05-13,1419.9,0.0007042749489400661
2024-05-14,1498.0,0.0006675567423230974
2024-05-15,1519.0,0.0006583278472679394
2024-05-16,1520.0,0.0006578947368421052
2024-05-17,1467.0,0.0006816632583503749
2024-05-20,1529.85,0.0006536588554433442
2024-05-21,1529.85,0.0006536588554433442
2024-05-22,1439.0,0.0006949270326615705
2024-05-23,1467.0,0.0006816632583503749
2024-05-24,1474.0,0.0006784260515603799
2024-05-27,1474.0,0.0006784260515603799
2024-05-28,1474.0,0.0006784260515603799
2024-05-29,1320.0,0.0007575757575757576
2024-05-30,1320.0,0.0007575757575757576
2024-05-31,1484.0,0.0006738544474393531
2024-06-03,1482.48,0.0006745453564297664
2024-06-04,1449.8,0.0006897503103876397
2024-06-05,1450.0,0.000689655172413793
2024-06-06,1477.17,0.0006769701523859813
2024-06-07,1484.82,0.0006734823076197788
2024-06-10,1464.8,0.0006826870562534135
2024-06-11,1480.64,0.0006753836178949642
2024-06-12,1480.05,0.0006756528495658931
2024-06-13,1480.0,0.0006756756756756757
2024-06-14,1481.64,0.0006749277827272481
2024-06-17,1481.64,0.0006749277827272481
2024-06-18,1481.64,0.0006749277827272481
2024-06-19,1478.0,0.0006765899864682003
2024-06-20,1478.807,0.0006762207644405254
2024-06-21,1482.3,0.0006746272684341901
2024-06-24,1479.51,0.0006758994531973424
2024-06-25,1488.45,0.0006718398333837213
2024-06-26,1498.36,0.0006673963533463254
2024-06-27,1495.0,0.0006688963210702341
2024-06-28,1512.73,0.0006610565004990976
2024-07-01,1469.691,0.0006804151348820943
2024-07-02,1504.9,0.0006644959797993222
2024-07-03,1510.85,0.0006618790746930536
2024-07-04,1510.85,0.0006618790746930536
2024-07-05,1515.35,0.0006599135513247764
2024-07-08,1504.9,0.0006644959797993222
2024-07-09,1523.5,0.0006563833278634722
2024-07-10,1548.85,0.0006456403137811925
2024-07-11,1570.5,0.0006367398917542184
2024-07-12,1559.75,0.0006411283859592883
2024-07-15,1565.61,0.000638728674446382
2024-07-16,1555.0,0.0006430868167202572
2024-07-17,1572.49,0.0006359340917907268
2024-07-18,1573.45,0.0006355460929803934
2024-07-19,1584.8,0.0006309944472488642
2024-07-22,1584.2,0.0006312334301224593
2024-07-23,1533.55,0.0006520817710540903
2024-07-24,1541.093,0.000648890105918332
2024-07-25,1541.093,0.000648890105918332
2024-07-26,1598.89,0.0006254338947644929
2024-07-29,1601.36,0.0006244692011789979
2024-07-30,1609.065,0.0006214789334178545
2024-07-31,1609.917,0.0006211500344427695
2024-08-01,1611.71,0.0006204590155797258
2024-08-02,1610.9,0.000620770997578993
2024-08-05,1611.71,0.0006204590155797258
2024-08-06,1606.52,0.0006224634613948161
2024-08-07,1605.52,0.0006228511634859734
2024-08-08,1591.08,0.0006285039092943158
2024-08-09,1583.027,0.0006317011649201182
2024-08-12,1583.02,0.0006317039582570025
2024-08-13,1568.046,0.0006377363929374521
2024-08-14,1573.398,0.0006355670974540453
2024-08-15,1579.77,0.0006330035384897801
2024-08-16,1584.34,0.0006311776512617241
2024-08-19,1577.765,0.000633807949853115
2024-08-20,1574.69,0.0006350456280283739
2024-08-21,1587.347,0.0006299819762156604
2024-08-22,1569.033,0.000637335224944281
2024-08-23,1591.967,0.0006281537242920236
2024-08-26,1586.142,0.0006304605766696802
2024-08-27,1586.142,0.0006304605766696802
2024-08-28,1591.15,0.0006284762593093046
2024-08-29,1602.797,0.000623909328505107
2024-08-30,1597.642,0.0006259224532154262
2024-09-02,1597.642,0.0006259224532154262
2024-09-03,1597.27,0.0006260682289155872
2024-09-04,1594.074,0.0006273234492250674
2024-09-05,1620.749,0.0006169986839418072
2024-09-06,1620.022,0.0006172755678626587
2024-09-09,1628.645,0.0006140073496679755
2024-09-10,1611.454,0.0006205575833998365
2024-09-11,1626.95,0.0006146470389378899
2024-09-12,1587.42,0.0006299530055057892
2024-09-13,1645.126,0.0006078561763658225
2024-09-16,1645.126,0.0006078561763658225
2024-09-17,1647.126,0.0006071180953976806
2024-09-18,1653.736,0.0006046914380529902
2024-09-19,1593.372,0.0006275998323053248
2024-09-20,1593.372,0.0006275998323053248
2024-09-23,1593.07,0.000627718807083179
2024-09-24,1596.978,0.000626182702579497
2024-09-25,1596.978,0.000626182702579497
2024-09-26,1666.219,0.0006001612032992061
2024-09-27,1666.219,0.0006001612032992061
2024-09-30,1639.192,0.0006100566620627724
2024-10-01,1600.528,0.0006247938180400467
2024-10-02,1600.528,0.0006247938180400467
2024-10-03,1657.114,0.0006034587843684864
2024-10-04,1656.86,0.0006035512958246322
2024-10-07,1656.86,0.0006035512958246322
2024-10-08,1628.304,0.000614135935304464
2024-10-09,1589.689,0.0006290538589623504
2024-10-10,1627.193,0.0006145552494387574
2024-10-11,1625.327,0.0006152608059793506
2024-10-14,1625.327,0.0006152608059793506
2024-10-15,1602.08,0.0006241885548786578
2024-10-16,1654.685,0.0006043446335707401
2024-10-17,1652.161,0.0006052678885411288
2024-10-18,1651.727,0.0006054269258781869
2024-10-21,1651.727,0.0006054269258781869
2024-10-22,1639.34,0.0006100015860041237
2024-10-23,1639.34,0.0006100015860041237
2024-10-24,1650.661,0.0006058179117335419
2024-10-25,1634.69,0.0006117367818974851
2024-10-28,1636.71,0.0006109817866329405
2024-10-29,1664.1,0.0006009254251547383
2024-10-30,1664.1,0.0006009254251547383
2024-10-31,1650.783,0.0006057731391709268
2024-11-01,1650.438,0.0006058997672133094
2024-11-04,1665.413,0.0006004516597384553
2024-11-05,1664.355,0.0006008333558645842
2024-11-06,1668.906,0.0005991949217031996
2024-11-07,1680.409,0.0005950932183771926
2024-11-08,1664.841,0.0006006579607301839
2024-11-11,1654.882,0.0006042726913459691
2024-11-12,1654.882,0.0006042726913459691
2024-11-13,1687.567,0.0005925690654059958
2024-11-14,1687.567,0.0005925690654059958
2024-11-15,1657.933,0.0006031606826090078
2024-11-18,1658.371,0.0006030013790641539
2024-11-19,1682.221,0.0005944522152559027
2024-11-20,1674.6,0.0005971575301564553
2024-11-21,1674.6,0.0005971575301564553
2024-11-22,1687.784,0.0005924928782356036
2024-11-25,1664.994,0.0006006027649348886
2024-11-26,1687.223,0.0005926898815390734
2024-11-27,1678.717,0.0005956930203244501
2024-11-28,1678.717,0.0005956930203244501
2024-11-29,1679.26,0.0005955003989852674
2024-12-02,1679.26,0.0005955003989852674
2024-12-03,1679.26,0.0005955003989852674
2024-12-04,1643.15,0.0006085871648966923
2024-12-05,1613.69,0.0006196977114563516
2024-12-06,1587.79,0.0006298062086296047
2024-12-09,1587.79,0.0006298062086296047
2024-12-11,1531.11,0.0006531209384041644
2024-12-12,1532.09,0.0006527031701792975
2024-12-13,1533.6,0.0006520605112154408
2024-12-16,1532.27,0.0006526264953304574
2024-12-17,1532.55,0.0006525072591432579
2024-12-18,1533.11,0.0006522689174292777
2024-12-19,1537.88,0.0006502457929097198
2024-12-20,1536.43,0.0006508594599168202
2024-12-23,1535.93,0.0006510713378864921
2024-12-24,1535.72,0.0006511603677753757
2024-12-25,1535.72,0.0006511603677753757
2024-12-26,1537.57,0.000650376893409731
2024-12-27,1537.57,0.000650376893409731
2024-12-30,1537.57,0.000650376893409731
2024-12-31,1537.57,0.000650376893409731
2025-01-01,1537.57,0.000650376893409731
2025-01-02,1537.57,0.000650376893409731
2025-01-03,1535.0,0.0006514657980456026
2025-01-06,1533.56,0.0006520775189754559
2025-01-07,1532.61,0.0006524817141999596
2025-01-08,1532.61,0.0006524817141999596
2025-01-09,1532.61,0.0006524817141999596
2025-01-10,1532.61,0.0006524817141999596
2025-01-13,1541.03,0.0006489166336800711
2025-01-14,1545.85,0.0006468932949509978
2025-01-15,1546.67,0.0006465503307104941
2025-01-16,1548.2,0.0006459113809585325
2025-01-17,1548.2,0.0006459113809585325
2025-01-20,1547.0,0.0006464124111182935
2025-01-21,1547.0,0.0006464124111182935
2025-01-22,1550.25,0.0006450572488308337
2025-01-23,1550.92,0.0006447785830345859
2025-01-24,1549.48,0.0006453778041665591
2025-01-27,1549.48,0.0006453778041665591
2025-01-28,1549.48,0.0006453778041665591
2025-01-29,1549.48,0.0006453778041665591
2025-01-30,1498.0,0.0006675567423230974
2025-01-31,1480.0,0.0006756756756756757
2025-02-03,1477.22,0.0006769472387322132
2025-02-04,1487.99,0.0006720475272011236
2025-02-05,1496.41,0.0006682660500798577
2025-02-06,1496.41,0.0006682660500798577
2025-02-07,1496.41,0.0006682660500798577
2025-02-10,1496.41,0.0006682660500798577
2025-02-11,1498.78,0.0006672093302552743
2025-02-12,1498.78,0.0006672093302552743
2025-02-13,1503.3,0.0006652032195835828
2025-02-14,1509.0,0.0006626905235255136
2025-02-17,1510.0,0.0006622516556291391
2025-02-18,1504.0,0.0006648936170212766
2025-02-19,1503.0,0.0006653359946773121
2025-02-20,1508.04,0.000663112384286889
2025-02-21,1499.52,0.000666880068288519
2025-02-24,1499.73,0.0006667866882705554
2025-02-25,1496.11,0.0006684000507984039
2025-02-26,1494.91,0.0006689365915004917
2025-02-27,1498.11,0.0006675077264019332
2025-02-28,1498.07,0.0006675255495404087
2025-03-03,1498.07,0.0006675255495404087
2025-03-04,1497.0,0.0006680026720106881
2025-03-05,1490.67,0.0006708392870320057
2025-03-06,1499.8,0.0006667555674089878
2025-03-07,1511.3,0.0006616819956328988
2025-03-10,1534.0,0.000651890482398957
2025-03-11,1528.0,0.0006544502617801048
2025-03-12,1531.0,0.0006531678641410843
2025-03-13,1531.0,0.0006531678641410843
2025-03-14,1546.82,0.0006464876326915867
2025-03-17,1546.82,0.0006464876326915867
2025-03-18,1527.03,0.0006548659816768499
2025-03-19,1519.0,0.0006583278472679394
2025-03-20,1519.0,0.0006583278472679394
2025-03-21,1535.0,0.0006514657980456026
2025-03-24,1519.0,0.0006583278472679394
2025-03-25,1524.0,0.0006561679790026247
2025-03-26,1531.5,0.000652954619653934
2025-03-27,1533.52,0.0006520945276227242
2025-03-28,1534.73,0.0006515804082802838
2025-03-31,1532.37,0.0006525839059757109
2025-04-01,1535.82,0.0006511179695537238
2025-04-02,1530.44,0.000653406863385693
2025-04-03,1533.0,0.0006523157208088715
2025-04-04,1529.42,0.0006538426331550522
2025-04-07,1581.82,0.0006321831813986421
2025-04-08,1568.12,0.000637706297987399
2025-04-09,1585.1,0.0006308750236578134
2025-04-10,1601.09,0.0006245745086160054
2025-04-11,1599.07,0.0006253634925300331
2025-04-14,1609.39,0.0006213534320456818
2025-04-15,1598.39,0.0006256295397243476
2025-04-16,1600.37,0.0006248555021651244
2025-04-17,1598.14,0.0006257274081119301
2025-04-18,1598.7,0.0006255082254331644
2025-04-21,1598.58,0.0006255551802224475
2025-04-22,1599.12,0.0006253439391665416
2025-04-23,1603.88,0.000623488041499364
2025-04-24,1605.38,0.0006229054803224158
2025-04-25,1605.93,0.0006226921472293313
2025-04-28,1603.74,0.0006235424694775962
2025-04-29,1598.95,0.0006254104255917946
2025-04-30,1596.44,0.0006263937260404399
2025-05-01,1600.63,0.0006247540031112748
2025-05-02,1599.75,0.0006250976715111736
2025-05-05,1601.6,0.0006243756243756244
2025-05-06,1602.65,0.000623966555392631
2025-05-07,1605.31,0.0006229326422933888
2025-05-08,1606.34,0.0006225332121468681
2025-05-09,1605.25,0.0006229559258682448
2025-05-12,1605.15,0.0006229947356944834
2025-05-13,1597.03,0.000626162313794982
2025-05-14,1597.37,0.0006260290352266539
2025-05-15,1595.95,0.0006265860459287572
2025-05-16,1595.7,0.0006266842138246537
2025-05-19,1598.48,0.0006255943145988689
2025-05-20,1594.01,0.0006273486364577386
2025-05-21,1586.88,0.0006301673724541238
2025-05-22,1586.84,0.0006301832572912203
2025-05-23,1584.35,0.0006311736674345946
2025-05-26,1584.35,0.0006311736674345946
2025-05-27,1584.35,0.0006311736674345946
2025-05-28,1584.64,0.0006310581583198708
2025-05-29,1589.75,0.0006290297216543482
2025-05-30,1584.88,0.0006309625965372773
2025-06-02,1585.15,0.0006308551241207456
2025-06-03,1578.75,0.0006334125098970705
2025-06-04,1574.79,0.0006350053022942741
2025-06-05,1561.49,0.000640413963586062
2025-06-06,1555.05,0.0006430661393524325
2025-06-09,1554.81,0.0006431654028466501
2025-06-10,1542.77,0.0006481847585835867
2025-06-11,1540.43,0.0006491693877683504
2025-06-12,1537.98,0.000650203513699788
2025-06-13,1542.79,0.0006481763558228923
2025-06-16,1541.71,0.000648630416874769
2025-06-17,1543.15,0.0006480251433755629
2025-06-18,1543.71,0.0006477900641959954
2025-06-19,1544.37,0.0006475132254576301
2025-06-20,1546.11,0.0006467845108045352
2025-06-23,1546.75,0.0006465168902537578
2025-06-24,1546.89,0.0006464583777773468
2025-06-25,1547.44,0.0006462286098330145
2025-06-26,1539.78,0.0006494434269830755
2025-06-27,1540.45,0.0006491609594598981
2025-06-30,1533.43,0.0006521328003234578
2025-07-01,1531.32,0.000653031371627093
2025-07-02,1529.29,0.000653898214203977
2025-07-03,1529.3,0.000653893938403191
2025-07-04,1527.7,0.0006545787785559992
2025-07-07,1529.95,0.0006536161312461191
2025-07-08,1530.49,0.0006533855170566289
2025-07-09,1529.75,0.0006537015852263442
2025-07-10,1524.54,0.0006559355608904982
2025-07-11,1525.35,0.0006555872422722654
2025-07-14,1526.97,0.0006548917136551471
2025-07-15,1527.22,0.0006547845104176215
2025-07-16,1527.06,0.0006548531164459812
2025-07-17,1526.51,0.0006550890593576197
2025-07-18,1530.23,0.0006534965332008914
2025-07-21,1528.97,0.0006540350693604191
2025-07-22,1527.01,0.000654874558778266
2025-07-23,1530.03,0.0006535819559093613
2025-07-24,1529.05,0.0006540008502011053
2025-07-25,1530.88,0.0006532190635451505
2025-07-28,1529.66,0.0006537400468077873
2025-07-29,1528.0,0.0006544502617801048
2025-07-30,1529.35,0.0006538725602380096
2025-07-31,1528.14,0.0006543903045532477
2025-08-01,1529.74,0.000653705858511904
2025-08-04,1522.53,0.0006568015080162625
2025-08-05,1522.16,0.0006569611604561938
2025-08-06,1526.95,0.0006549002914306297
2025-08-07,1533.85,0.0006519542328128566
2025-08-08,1532.0,0.0006527415143603133
2025-08-11,1534.28,0.0006517715149777094
2025-08-12,1533.73,0.0006520052421221466
2025-08-13,1530.8,0.0006532532009406847
2025-08-14,1530.28,0.0006534751810126252
2025-08-15,1528.43,0.0006542661423813979
2025-08-18,1531.51,0.0006529503561844193
2025-08-19,1532.01,0.0006527372536732789
2025-08-20,1534.8,0.0006515506906437321
2025-08-21,1534.76,0.0006515676718183951
2025-08-22,1535.05,0.0006514445783524967
2025-08-25,1534.93,0.0006514955079384727
2025-08-26,1535.53,0.0006512409396104276
2025-08-27,1535.01,0.000651461553996391
2025-08-28,1532.88,0.0006523667867021554
2025-08-29,1534.76,0.0006515676718183951
2025-09-01,1527.85,0.0006545145138593449
2025-09-02,1536.25,0.0006509357200976403
2025-09-03,1537.39,0.000650453040542738
2025-09-04,1523.44,0.0006564091792259622
2025-09-05,1524.22,0.0006560732702628229
2025-09-08,1505.49,0.0006642355645005945
2025-09-09,1503.61,0.0006650660743144831
2025-09-10,1500.87,0.0006662802241366674
2025-09-11,1501.94,0.0006658055581447994
2025-09-12,1498.59,0.0006672939229542436
2025-09-15,1497.6,0.0006677350427350427
2025-09-16,1492.95,0.0006698147962088482
2025-09-17,1492.28,0.0006701155279170129
2025-09-18,1493.24,0.0006696847124373845
2025-09-19,1491.81,0.0006703266501766311
2025-09-22,1490.71,0.0006708212865010633
2025-09-23,1488.72,0.000671717985920791
2025-09-24,1489.58,0.0006713301736059829
2025-09-25,1487.46,0.0006722869858685276
2025-09-26,1484.22,0.0006737545646871757
2025-09-29,1483.49,0.0006740861077594052
2025-09-30,1480.42,0.0006754839842747328
2025-10-01,1480.12,0.0006756208956030593
2025-10-02,1468.73,0.000680860335119457
2025-10-03,1468.04,0.0006811803493092832
2025-10-06,1468.45,0.0006809901596921924
2025-10-07,1469.15,0.0006806656910458428
2025-10-08,1471.9,0.0006793939805693321
2025-10-09,1474.05,0.0006784030392456158
2025-10-10,1460.48,0.000684706397896582
2025-10-13,1458.31,0.0006857252573184028
2025-10-14,1457.35,0.0006861769650392837
2025-10-15,1463.68,0.0006832094446873634
2025-10-16,1464.13,0.0006829994604304262
2025-10-17,1464.4,0.0006828735318219066
2025-10-20,1464.77,0.0006827010383882794
2025-10-21,1463.04,0.0006835083114610674
2025-10-22,1462.45,0.0006837840609935382
2025-10-23,1463.37,0.0006833541756356903
2025-10-24,1458.09,0.0006858287211351838
2025-10-27,1456.62,0.0006865208496382036
2025-10-28,1452.42,0.000688506079508682
2025-10-29,1448.23,0.0006904980562479717
2025-10-30,1441.29,0.0006938228947678816
2025-10-31,1445.81,0.0006916538134333004
2025-11-03,1440.15,0.0006943721140159011
2025-11-04,1440.11,0.0006943914006568943
2025-11-05,1439.95,0.0006944685579360394
2025-11-06,1436.2,0.0006962818548948614
2025-11-07,1434.03,0.0006973354811266152
2025-11-10,1435.93,0.0006964127777816467
2025-11-11,1439.06,0.0006948980584548247
2025-11-12,1439.22,0.0006948208057142063
2025-11-13,1437.9,0.0006954586549829612
2025-11-14,1439.56,0.0006946567006585345
2025-11-17,1443.72,0.0006926550854736375
2025-11-18,1448.68,0.0006902835684899357
2025-11-19,1449.27,0.0006900025530094462
2025-11-20,1451.86,0.0006887716446489331
2025-11-21,1449.97,0.0006896694414367194
2025-11-24,1454.22,0.0006876538625517459
2025-11-25,1447.8,0.0006907031357922365
2025-11-26,1445.45,0.0006918260749247639
2025-11-27,1445.83,0.0006916442458656966
2025-11-28,1445.71,0.000691701655242061
2025-12-01,1445.1,0.0006919936336585704
2025-12-02,1445.36,0.0006918691537056512
2025-12-03,1445.7,0.0006917064397869544
2025-12-04,1445.73,0.00069169208635084
2025-12-05,1449.16,0.0006900549283722984
2025-12-08,1448.39,0.0006904217786645861
2025-12-09,1450.26,0.000689531532276971
2025-12-10,1453.33,0.0006880749726490199
2025-12-11,1450.19,0.0006895648156448465
2025-12-12,1451.7,0.0006888475580354068
2025-12-15,1450.45,0.0006894412079009962
2025-12-16,1450.98,0.0006891893754565879
2025-12-17,1452.84,0.0006883070400044052
2025-12-18,1454.75,0.0006874033339061695
2025-12-19,1458.5,0.0006856359273225917
2025-12-22,1457.12,0.0006862852750631383
2025-12-23,1456.88,0.0006863983306792598
2025-12-24,1448.69,0.0006902788036087775
2025-12-25,1450.03,0.000689640903981297
2025-12-26,1450.37,0.0006894792363327978
2025-12-29,1451.75,0.0006888238333046323
2025-12-30,1451.88,0.0006887621566520649
2025-12-31,1442.94,0.0006930295091965015
2026-01-01,1444.0,0.0006925207756232687
2026-01-02,1428.54,0.0007000154003388075
2026-01-05,1430.9,0.0006988608568034104
2026-01-06,1423.3,0.0007025925665706457
2026-01-07,1419.64,0.0007044039333915641
2026-01-08,1422.36,0.0007030568913636492
2026-01-09,1425.56,0.0007014787171357222
2026-01-12,1422.63,0.000702923458664586
2026-01-13,1421.11,0.0007036752960713809
2026-01-14,1420.11,0.0007041708036701383
2026-01-15,1420.64,0.0007039080977587565
2026-01-16,1416.16,0.0007061349000112981
2026-01-19,1417.79,0.0007053230732336947
2026-01-20,1417.4,0.0007055171440666008
2026-01-21,1419.42,0.0007045131109889955
2026-01-22,1420.47,0.0007039923405633347
2026-01-23,1419.49,0.0007044783689916801
2026-01-26,1415.44,0.0007064940937093765
2026-01-27,1406.66,0.000710903843146176
2026-01-28,1393.52,0.0007176072105172513
2026-01-29,1383.25,0.0007229351165732876
2026-01-30,1384.83,0.0007221102951264777
2026-02-02,1391.63,0.0007185818069458116
2026-02-03,1390.0,0.0007194244604316547
2026-02-04,1365.23,0.0007324773115152759
2026-02-05,1363.34,0.0007334927457567445
2026-02-06,1366.09,0.0007320161921981715
2026-02-09,1362.0,0.0007342143906020558
2026-02-10,1355.24,0.0007378766860482276
2026-02-11,1350.01,0.0007407352538129347
2026-02-12,1351.05,0.0007401650568076681
2026-02-13,1353.79,0.0007386670015290407
2026-02-16,1347.73,0.0007419883804619619
2026-02-17,1344.27,0.0007438981752177762
2026-02-18,1338.5,0.0007471049682480389
2026-02-19,1342.06,0.0007451231688598125
2026-02-20,1342.85,0.0007446848121532562
2026-02-23,1344.81,0.0007435994675827813
2026-02-24,1349.0,0.0007412898443291327
2026-02-25,1353.33,0.000738918076152897
2026-02-26,1352.25,0.0007395082270290257
2026-02-27,1358.13,0.0007363065391383741
2026-03-02,1366.48,0.000731807271237047
2026-03-03,1378.91,0.0007252104923454032
2026-03-04,1382.76,0.0007231912985622957
2026-03-05,1385.84,0.0007215840212434336
2026-03-06,1389.98,0.0007194348120116836
2026-03-09,1397.14,0.0007157478849649999
2026-03-10,1395.0,0.0007168458781362007
2026-03-11,1392.56,0.0007181019130234963
2026-03-12,1388.03,0.0007204455235117397
2026-03-13,1384.13,0.000722475490019001
2026-03-16,1363.44,0.0007334389485419234
2026-03-17,1350.18,0.0007406419884756106
2026-03-18,1355.0,0.0007380073800738007
2026-03-19,1357.0,0.0007369196757553427
2026-03-20,1353.88,0.0007386178981889089
2026-03-23,1376.8,0.000726321905868681
2026-03-24,1379.07,0.0007251263532670569
2026-03-25,1384.67,0.0007221937356915365
2026-03-26,1383.42,0.0007228462795101994
2026-03-27,1382.61,0.0007232697579216121
2026-03-30,1383.15,0.0007229873838701514
2026-03-31,1384.46,0.0007223032807015009
2026-04-01,1378.33,0.0007255156602555266
2026-04-02,1379.31,0.0007250001812500453
2026-04-03,1377.65,0.0007258737705513011
2026-04-06,1378.41,0.0007254735528616304
2026-04-07,1381.28,0.0007239661763002432
2026-04-08,1374.77,0.0007273944005179048
2026-04-09,1360.1,0.0007352400558782443
2026-04-10,1357.95,0.0007364041385912589
2026-04-13,1355.7,0.0007376263185070443
2026-04-14,1348.08,0.0007417957391252745
2026-04-15,1342.44,0.000744912249337028
2026-04-16,1339.27,0.0007466754276583513
2026-04-17,1341.79,0.000745273105329448
2026-04-20,1345.07,0.0007434557309285019
2026-04-21,1346.59,0.0007426165350997706
2026-04-22,1346.27,0.0007427930504282202
2026-04-23,1349.14,0.0007412129208236358
2026-04-24,1355.81,0.0007375664731783953
2026-04-27,1361.25,0.0007346189164370982
2026-04-28,1374.93,0.0007273097539511102
2026-04-29,1375.13,0.0007272039734425108
2026-04-30,1373.95,0.0007278285235998398
2026-05-01,1375.16,0.0007271881090200413
2026-05-04,1369.36,0.0007302681544663201
2026-05-05,1365.75,0.0007321984257733846
2026-05-06,1356.55,0.000737164129593454
2026-05-07,1357.06,0.0007368870941594329
2026-05-08,1355.98,0.0007374740040413575
2026-05-11,1367.53,0.0007312453840135134
2026-05-12,1370.98,0.0007294052429648864
2026-05-13,1369.47,0.0007302094971047194
2026-05-14,1367.46,0.0007312828163163822
2026-05-15,1369.37,0.0007302628215894901
2026-05-18,1370.02,0.0007299163515861083
2026-05-19,1371.0,0.0007293946024799417
2026-05-20,1371.47,0.0007291446404223206
2026-05-21,1369.09,0.0007304121715884274
2026-05-22,1371.91,0.0007289107886085821
2026-05-25,1370.33,0.0007297512278064409
2026-05-26,1373.22,0.0007282154352543657
2026-05-27,1373.66,0.0007279821789962581
2026-05-28,1372.81,0.0007284329222543543
2026-05-29,1370.26,0.0007297885072905872
2026-06-01,1368.57,0.0007306896980059478
2026-06-02,1367.34,0.000731346994895198
2026-06-03,1362.61,0.0007338857046403594
2026-06-04,1359.11,0.0007357756178675752
2026-06-05,1359.16,0.0007357485505753553
2026-06-08,1360.92,0.000734797049055051
2026-06-09,1359.27,0.0007356890095418865
2026-06-10,1360.13,0.0007352238388977524
2026-06-11,1359.92,0.0007353373727866344
2026-06-12,1359.78,0.0007354130815278942
2026-06-15,1357.01,0.0007369142452892757
2026-06-16,1357.06,0.0007368870941594329
2026-06-17,1357.03,0.0007369033845972455
2026-06-18,1358.2,0.0007362685907819172
2026-06-19,1358.89,0.0007358947376167312
2026-06-22,1366.23,0.0007319411812066782
2026-06-23,1366.78,0.0007316466439368442
2026-06-24,1374.2,0.0007276961141027507
2026-06-25,1377.61,0.0007258948468724821
